date,ticker,skew,theta,kappa,sigma,phi,stationary_std,half_life_days,z_score,expected_skew_horizon,expected_change_horizon,forecast_horizon_days,n_obs,r2,status,error
2025-01-17,UBER,0.011093,0.005656502335492472,203.9039157449665,0.5424580109364662,-0.4452396854645989,0.026862000097717813,0.8566441152585768,0.20238618288775195,0.005656502335648476,-0.0054364976643515245,30,10,0.19792773121958895,stationary_ar1_abs_phi_proxy,Strict OU rejected because AR(1) phi=-0.4452 is negative. Using stationary AR(1) mean/std with abs(phi) as an OU-style simulation proxy.
2025-01-21,UBER,-0.0048529999999999,0.005517365183933149,205.18863447405008,0.5429023493391514,-0.44297558957608235,0.02679970864240859,0.8512805299808011,-0.3869581316090392,0.005517365183677768,0.010370365183677668,30,10,0.1968994896112901,stationary_ar1_abs_phi_proxy,Strict OU rejected because AR(1) phi=-0.4430 is negative. Using stationary AR(1) mean/std with abs(phi) as an OU-style simulation proxy.
2025-01-22,UBER,-0.007913,0.00535899272709124,204.94387852449066,0.5443383607298787,-0.4434060402912326,0.02688663601318293,0.8522971789090684,-0.49362786480925985,0.0053589927267547405,0.01327199272675474,30,10,0.19571955936496166,stationary_ar1_abs_phi_proxy,Strict OU rejected because AR(1) phi=-0.4434 is negative. Using stationary AR(1) mean/std with abs(phi) as an OU-style simulation proxy.
2025-01-23,UBER,-0.005155,0.0046541211195016375,215.38491558415456,0.5661544160110036,-0.42540992480290396,0.027277983299737466,0.81098107092304,-0.35959847220802593,0.0046541211194298816,0.009809121119429881,30,10,0.17656833379640857,stationary_ar1_abs_phi_proxy,Strict OU rejected because AR(1) phi=-0.4254 is negative. Using stationary AR(1) mean/std with abs(phi) as an OU-style simulation proxy.
2025-01-24,UBER,-0.0024029999999999,0.004449237589130332,229.5982510962082,0.5818499831771899,-0.4020800137391365,0.027152619921171742,0.7607770907101258,-0.25236008934030446,0.004449237589121102,0.006852237589121002,30,10,0.1621906071844501,stationary_ar1_abs_phi_proxy,Strict OU rejected because AR(1) phi=-0.4021 is negative. Using stationary AR(1) mean/std with abs(phi) as an OU-style simulation proxy.
2025-01-27,UBER,0.021946,0.0044809475297197775,228.07455317672876,0.5800814175160398,-0.4045185232000367,0.02716036107245282,0.765859615060856,0.6430346203310977,0.004480947529747982,-0.01746505247025202,30,10,0.1636424984082534,stationary_ar1_abs_phi_proxy,Strict OU rejected because AR(1) phi=-0.4045 is negative. Using stationary AR(1) mean/std with abs(phi) as an OU-style simulation proxy.
2025-01-28,UBER,-0.019378,0.0003881697788909503,267.12133400737747,0.2348224983431624,-0.3464539763086938,0.01015945518746909,0.6539091688434066,-1.9455934805707893,0.0003881697788906446,0.019766169778890643,30,10,0.49364372364910625,stationary_ar1_abs_phi_proxy,Strict OU rejected because AR(1) phi=-0.3465 is negative. Using stationary AR(1) mean/std with abs(phi) as an OU-style simulation proxy.
2025-01-29,UBER,-0.0114159999999999,-0.0005342681809616105,195.18430247094662,0.22864052342377106,-0.4609153465821334,0.011572195563121153,0.894913613901438,-0.9403342485601205,-0.0005342681818433353,0.010881731818156565,30,10,0.26541397261693556,stationary_ar1_abs_phi_proxy,Strict OU rejected because AR(1) phi=-0.4609 is negative. Using stationary AR(1) mean/std with abs(phi) as an OU-style simulation proxy.
2025-01-30,UBER,0.027396,-0.0019229067485265182,362.18271862558333,0.32835012126523194,-0.23758424314583518,0.01219995759166217,0.4822789175694478,2.403197431486481,-0.0019229067485265182,-0.029318906748526517,30,10,0.054557920086932055,stationary_ar1_abs_phi_proxy,Strict OU rejected because AR(1) phi=-0.2376 is negative. Using stationary AR(1) mean/std with abs(phi) as an OU-style simulation proxy.
2025-01-31,UBER,0.0028809999999999,-9.164733086622667e-06,198.72361588611204,0.3285976134938962,-0.45448708694706086,0.016482560052642703,0.8789749961132495,0.17534683470624657,-9.164732932959759e-06,-0.00289016473293286,30,10,0.12460394482766257,stationary_ar1_abs_phi_proxy,Strict OU rejected because AR(1) phi=-0.4545 is negative. Using stationary AR(1) mean/std with abs(phi) as an OU-style simulation proxy.
2025-02-03,UBER,-0.032802,0.00029368093318914965,369.8437150046069,0.4145650125034347,-0.23047018141658698,0.015242932535529906,0.4722889220895113,-2.171214814212822,0.00029368093318914965,0.033095680933189146,30,10,0.056114470267728755,stationary_ar1_abs_phi_proxy,Strict OU rejected because AR(1) phi=-0.2305 is negative. Using stationary AR(1) mean/std with abs(phi) as an OU-style simulation proxy.
2025-02-04,UBER,0.032027,-0.002336187466647255,336.6606306683195,0.49484164744303116,-0.2629070099648999,0.01907019263069273,0.518840261049696,1.8019318489390108,-0.002336187466647255,-0.03436318746664725,30,10,0.045427986507773355,stationary_ar1_abs_phi_proxy,Strict OU rejected because AR(1) phi=-0.2629 is negative. Using stationary AR(1) mean/std with abs(phi) as an OU-style simulation proxy.
2025-02-05,UBER,-0.021577,-0.00010846094921155933,153.4184512374565,0.4057201181150861,-0.5440014438865963,0.023161823524990247,1.1385403000239678,-0.9268933004184731,-0.00010846120028690164,0.021468538799713097,30,10,0.217446567528231,stationary_ar1_abs_phi_proxy,Strict OU rejected because AR(1) phi=-0.5440 is negative. Using stationary AR(1) mean/std with abs(phi) as an OU-style simulation proxy.
2025-02-06,UBER,-0.0034599999999999,0.00031334678348096033,129.5224912059048,0.38478863403695424,-0.598111468812422,0.023907526342379155,1.3485927260573185,-0.15783091606562905,0.00031334602457035236,0.003773346024570252,30,10,0.3198917310040881,stationary_ar1_abs_phi_proxy,Strict OU rejected because AR(1) phi=-0.5981 is negative. Using stationary AR(1) mean/std with abs(phi) as an OU-style simulation proxy.
2025-02-07,UBER,-0.0035519999999999,-0.00044672457721331107,163.86468238503844,0.42094471567381214,-0.5219117972661822,0.023252378506984788,1.0659593449836304,-0.13354657124017633,-0.000446724587684923,0.0031052754123149767,30,10,0.2720585185804466,stationary_ar1_abs_phi_proxy,Strict OU rejected because AR(1) phi=-0.5219 is negative. Using stationary AR(1) mean/std with abs(phi) as an OU-style simulation proxy.
2025-02-10,UBER,-0.004836,-0.002364197592145899,170.06669910961034,0.38900227636286444,-0.5092237082365101,0.021092473090067603,1.027085787021285,-0.11718883780480285,-0.0023641975961294667,0.0024718024038705333,30,10,0.29837666919745,stationary_ar1_abs_phi_proxy,Strict OU rejected because AR(1) phi=-0.5092 is negative. Using stationary AR(1) mean/std with abs(phi) as an OU-style simulation proxy.
2025-02-11,UBER,-0.053207,-0.002226795359358332,186.08134308953674,0.3974522231398627,-0.47786929364864067,0.020602433295408062,0.938692114969628,-2.4744749277748808,-0.0022267953715671977,0.0509802046284328,30,10,0.2466798687946501,stationary_ar1_abs_phi_proxy,Strict OU rejected because AR(1) phi=-0.4779 is negative. Using stationary AR(1) mean/std with abs(phi) as an OU-style simulation proxy.
2025-02-12,UBER,-0.011834,-0.0047608720755833575,165.18527547442744,0.5265913167839249,-0.5191838991794424,0.02897163664429066,1.0574374077800148,-0.24413974299275631,-0.004760872095965413,0.007073127904034588,30,10,0.16047685827047553,stationary_ar1_abs_phi_proxy,Strict OU rejected because AR(1) phi=-0.5192 is negative. Using stationary AR(1) mean/std with abs(phi) as an OU-style simulation proxy.
2025-02-13,UBER,-0.0101769999999999,-0.009874901080788718,364.0611834687852,0.6390882738737546,-0.23581982097645826,0.023684196902067765,0.479790478723428,-0.012755295037460477,-0.009874901080788718,0.0003020989192111818,30,10,0.07120568158508145,stationary_ar1_abs_phi_proxy,Strict OU rejected because AR(1) phi=-0.2358 is negative. Using stationary AR(1) mean/std with abs(phi) as an OU-style simulation proxy.
2025-02-14,UBER,-0.003059,-0.011731634852763743,221.2972443046396,0.4887163563518019,-0.4155452906432269,0.023230249454893718,0.7893143452823561,0.373333694483283,-0.01173163485273236,-0.008672634852732359,30,10,0.1807299509184085,stationary_ar1_abs_phi_proxy,Strict OU rejected because AR(1) phi=-0.4155 is negative. Using stationary AR(1) mean/std with abs(phi) as an OU-style simulation proxy.
2025-02-18,UBER,-0.007413,-0.009726812548773323,257.75368796373476,0.49823254832601105,-0.35957514577101485,0.021943942354926447,0.6776744530060118,0.10544197169994245,-0.009726812548773214,-0.0023138125487732137,30,10,0.14387096441181724,stationary_ar1_abs_phi_proxy,Strict OU rejected because AR(1) phi=-0.3596 is negative. Using stationary AR(1) mean/std with abs(phi) as an OU-style simulation proxy.
2025-02-19,UBER,-0.0088779999999999,-0.012669729176341677,481.29539713022467,0.4947912237106939,-0.14809484445386406,0.015947813044158675,0.3629228339656128,0.23775856701120546,-0.012669729176341677,-0.003791729176341777,30,10,0.0413915165588864,stationary_ar1_abs_phi_proxy,Strict OU rejected because AR(1) phi=-0.1481 is negative. Using stationary AR(1) mean/std with abs(phi) as an OU-style simulation proxy.
2025-02-20,UBER,-0.010751,-0.011935011973078181,620.0390126151138,0.557758837475245,-0.08539461193430183,0.015838788311261853,0.281713063125487,0.07475394896441119,-0.011935011973078181,-0.001184011973078181,30,10,0.007541159634103289,stationary_ar1_abs_phi_proxy,Strict OU rejected because AR(1) phi=-0.0854 is negative. Using stationary AR(1) mean/std with abs(phi) as an OU-style simulation proxy.
2025-02-21,UBER,0.0064049999999999,-0.012598411500140254,775.3948258617806,0.6120671943370536,-0.04609901966118955,0.015542563686095738,0.22526986726661866,1.222669045077838,-0.012598411500140254,-0.019003411500140156,30,10,0.00220726834696483,stationary_ar1_abs_phi_proxy,Strict OU rejected because AR(1) phi=-0.0461 is negative. Using stationary AR(1) mean/std with abs(phi) as an OU-style simulation proxy.
2025-02-24,UBER,-0.040662,-0.011602508005220004,661.4961250707203,0.6036070112526793,-0.0724408709274803,0.01659493767308185,0.2640576155792779,-1.751105823188268,-0.011602508005220004,0.029059491994779994,30,10,0.004606562337689191,stationary_ar1_abs_phi_proxy,Strict OU rejected because AR(1) phi=-0.0724 is negative. Using stationary AR(1) mean/std with abs(phi) as an OU-style simulation proxy.
2025-02-25,UBER,0.04065,-0.014531765817681192,283.13166984103674,0.45628327760068016,-0.3251273353254236,0.019174556582522713,0.6169323608311843,2.877863985025784,-0.014531765817681066,-0.05518176581768106,30,10,0.0812882148144618,stationary_ar1_abs_phi_proxy,Strict OU rejected because AR(1) phi=-0.3251 is negative. Using stationary AR(1) mean/std with abs(phi) as an OU-style simulation proxy.
2025-02-26,UBER,-0.0030149999999999,-0.009002257643115155,127.52656420438255,0.3592146162211056,-0.6028675280926294,0.022492548836907354,1.3696996432928557,0.2661884914212542,-0.009002256115954533,-0.005987256115954633,30,10,0.28770345182318335,stationary_ar1_abs_phi_proxy,Strict OU rejected because AR(1) phi=-0.6029 is negative. Using stationary AR(1) mean/std with abs(phi) as an OU-style simulation proxy.
2025-02-27,UBER,0.0252209999999999,-0.004444005666230804,154.81791497831938,0.3704800611320632,-0.5409887444314669,0.02105422378256213,1.1282485591255207,1.408981208359737,-0.004444005372539343,-0.029665005372539244,30,10,0.29677101635029557,stationary_ar1_abs_phi_proxy,Strict OU rejected because AR(1) phi=-0.5410 is negative. Using stationary AR(1) mean/std with abs(phi) as an OU-style simulation proxy.
2025-02-28,UBER,0.0193639999999999,-0.0015671318961010187,149.3620381066679,0.4122499010955323,-0.5528290261370785,0.02385203548262774,1.1694610740137479,0.8775406992558679,-0.0015671314993501936,-0.02093113149935009,30,10,0.25646998641783314,stationary_ar1_abs_phi_proxy,Strict OU rejected because AR(1) phi=-0.5528 is negative. Using stationary AR(1) mean/std with abs(phi) as an OU-style simulation proxy.
2025-03-03,UBER,0.027815,0.0016730683830069636,261.6364601602551,0.5493131141583215,-0.3540773378271452,0.024013520654088506,0.6676175384505549,1.088633857299144,0.0016730683830077403,-0.02614193161699226,30,10,0.11666383373270983,stationary_ar1_abs_phi_proxy,Strict OU rejected because AR(1) phi=-0.3541 is negative. Using stationary AR(1) mean/std with abs(phi) as an OU-style simulation proxy.
2025-03-04,UBER,0.0251899999999999,0.005466303623992308,353.5398930069497,0.6655455916991818,-0.24587399656453618,0.025029005877318343,0.494068966349075,0.788033550860344,0.005466303623992308,-0.019723696376007592,30,10,0.05539611935796451,stationary_ar1_abs_phi_proxy,Strict OU rejected because AR(1) phi=-0.2459 is negative. Using stationary AR(1) mean/std with abs(phi) as an OU-style simulation proxy.
2025-03-05,UBER,0.030369,0.009434030442185059,425.66887196310813,0.7284573764347613,-0.184674181012059,0.024966243461314763,0.4103496896438431,0.8385310185031926,0.009434030442185059,-0.02093496955781494,30,10,0.034093109931708776,stationary_ar1_abs_phi_proxy,Strict OU rejected because AR(1) phi=-0.1847 is negative. Using stationary AR(1) mean/std with abs(phi) as an OU-style simulation proxy.
2025-03-06,UBER,0.037995,0.013826806399481334,403.7116861776318,0.6940077611572552,-0.2014869828939153,0.02442382440175403,0.4326679050461042,0.9895335473662755,0.013826806399481334,-0.024168193600518667,30,10,0.04234255180526314,stationary_ar1_abs_phi_proxy,Strict OU rejected because AR(1) phi=-0.2015 is negative. Using stationary AR(1) mean/std with abs(phi) as an OU-style simulation proxy.
2025-03-07,UBER,0.030638,0.017576847182227896,437.31501634692444,0.7512704835354239,-0.17633370130544995,0.02540294882687566,0.399421659380059,0.5141589233118379,0.017576847182227896,-0.013061152817772103,30,10,0.02886156677442764,stationary_ar1_abs_phi_proxy,Strict OU rejected because AR(1) phi=-0.1763 is negative. Using stationary AR(1) mean/std with abs(phi) as an OU-style simulation proxy.
2025-03-10,UBER,0.040895,0.024447217923960075,350.6284879391141,0.301196584741973,-0.24873109927427056,0.011373953433311036,0.49817141364576695,1.4460919127617584,0.024447217923960075,-0.016447782076039925,30,10,0.2471027674912969,stationary_ar1_abs_phi_proxy,Strict OU rejected because AR(1) phi=-0.2487 is negative. Using stationary AR(1) mean/std with abs(phi) as an OU-style simulation proxy.
2025-03-11,UBER,0.052464,0.026048214537539766,426.63097487226014,0.3719388899538834,-0.18397046344447723,0.012732990087849587,0.40942430294332477,2.0745940490181805,0.026048214537539766,-0.02641578546246023,30,10,0.03365670706985979,stationary_ar1_abs_phi_proxy,Strict OU rejected because AR(1) phi=-0.1840 is negative. Using stationary AR(1) mean/std with abs(phi) as an OU-style simulation proxy.
2025-03-12,UBER,-0.0169039999999999,0.03719062588317449,203.15866231089996,0.18659885161758547,0.4465583661711162,0.009257128590184476,0.8597865703299356,-5.843564271164174,0.037190625881478194,0.05409462588147809,30,10,0.3202661750337582,ou_ar1,
2025-03-13,UBER,0.0575739999999999,0.029644768538631756,50.06953679808716,0.30465746710684116,-0.819805109685246,0.030444583877286782,3.488610054562745,0.9173793136389289,0.029716776018402957,-0.027857223981596946,30,10,0.18245884749176544,stationary_ar1_abs_phi_proxy,Strict OU rejected because AR(1) phi=-0.8198 is negative. Using stationary AR(1) mean/std with abs(phi) as an OU-style simulation proxy.
2025-03-14,UBER,0.0523719999999999,0.030066728566436187,98.02236626325703,0.3215588802893941,-0.6777494216772213,0.022965870880826324,1.7819717699120792,0.9712356021380346,0.030066919324182404,-0.022305080675817494,30,10,0.37455662383115795,stationary_ar1_abs_phi_proxy,Strict OU rejected because AR(1) phi=-0.6777 is negative. Using stationary AR(1) mean/std with abs(phi) as an OU-style simulation proxy.
2025-03-17,UBER,0.045796,0.03370254819895481,218.27875739276655,0.47080868782743285,-0.4205526727569494,0.02253324475709621,0.800229447828507,0.5366937576638492,0.033702548199017496,-0.012093451800982508,30,10,0.16173437100663812,stationary_ar1_abs_phi_proxy,Strict OU rejected because AR(1) phi=-0.4206 is negative. Using stationary AR(1) mean/std with abs(phi) as an OU-style simulation proxy.
2025-03-18,UBER,0.0382319999999999,0.03620669957071903,264.7839932448378,0.5133512636788731,-0.3496823416410509,0.022307647529346948,0.6596814534011173,0.09078951183070619,0.03620669957071907,-0.002025300429280827,30,10,0.12248289633755538,stationary_ar1_abs_phi_proxy,Strict OU rejected because AR(1) phi=-0.3497 is negative. Using stationary AR(1) mean/std with abs(phi) as an OU-style simulation proxy.
2025-03-19,UBER,0.0454469999999999,0.037439570534283276,253.43980751169178,0.4989193266548852,-0.36578354710799804,0.022160416300130555,0.6892093677629869,0.3613393068644404,0.03743957053428391,-0.00800742946571599,30,10,0.13536732254911688,stationary_ar1_abs_phi_proxy,Strict OU rejected because AR(1) phi=-0.3658 is negative. Using stationary AR(1) mean/std with abs(phi) as an OU-style simulation proxy.
2025-03-20,UBER,0.035257,0.038278652666304765,251.66049460857127,0.5015611683921084,-0.36837539841290307,0.02235637494401066,0.6940822784791469,-0.13515843574247613,0.03827865266630447,0.0030216526663044765,30,10,0.13385866873351282,stationary_ar1_abs_phi_proxy,Strict OU rejected because AR(1) phi=-0.3684 is negative. Using stationary AR(1) mean/std with abs(phi) as an OU-style simulation proxy.
2025-03-21,UBER,0.0430249999999999,0.03887616431730002,250.53663092301545,0.4959961157551059,-0.3700219392419542,0.022157852198767335,0.6971958106787967,0.18723997459152125,0.03887616431730048,-0.004148835682699414,30,10,0.1387833589417401,stationary_ar1_abs_phi_proxy,Strict OU rejected because AR(1) phi=-0.3700 is negative. Using stationary AR(1) mean/std with abs(phi) as an OU-style simulation proxy.
2025-03-24,UBER,-0.003879,0.03918691213534704,247.23954508966094,0.4941325856142447,-0.3748949948668223,0.022221303378989275,0.706493329931348,-1.9380461803184235,0.03918691213533994,0.04306591213533994,30,10,0.14011758515523698,stationary_ar1_abs_phi_proxy,Strict OU rejected because AR(1) phi=-0.3749 is negative. Using stationary AR(1) mean/std with abs(phi) as an OU-style simulation proxy.
2025-03-25,UBER,0.0313409999999999,0.034844226564440195,218.32659390441268,0.551257672504473,-0.42047284790180484,0.026380700873990342,0.8000541133233693,-0.13279505276124987,0.03484422656442214,0.0035032265644222432,30,10,0.13217549222123715,stationary_ar1_abs_phi_proxy,Strict OU rejected because AR(1) phi=-0.4205 is negative. Using stationary AR(1) mean/std with abs(phi) as an OU-style simulation proxy.
2025-03-26,UBER,0.0352129999999999,0.03778220640552279,536.7159819076276,0.578772571467079,-0.11885805356616476,0.017665286272529612,0.3254479005455974,-0.14543814155551685,0.03778220640552279,0.0025692064055228905,30,10,0.029422047692560405,stationary_ar1_abs_phi_proxy,Strict OU rejected because AR(1) phi=-0.1189 is negative. Using stationary AR(1) mean/std with abs(phi) as an OU-style simulation proxy.
2025-03-27,UBER,0.038241,0.0353217562897965,432.14262546884123,0.4770769370342277,0.17999041340552624,0.01622780840003018,0.40420240727606876,0.1798914331646944,0.0353217562897965,-0.002919243710203495,30,10,0.03873954195844187,ou_ar1,
2025-03-28,UBER,0.0491389999999999,0.0342220607400606,778.3897881032404,0.5969269981669285,0.04555438621097361,0.015128910692200636,0.22440311033209331,0.9859889825134194,0.0342220607400606,-0.014916939259939296,30,10,0.0024025844107340433,ou_ar1,
2025-03-31,UBER,0.0643309999999999,0.034658055669304876,894.1731738122611,0.6548903337608316,-0.028773333374007816,0.01548612513404691,0.19534592919668628,1.9160987060254204,0.034658055669304876,-0.029672944330695027,30,10,0.0007904400343259343,stationary_ar1_abs_phi_proxy,Strict OU rejected because AR(1) phi=-0.0288 is negative. Using stationary AR(1) mean/std with abs(phi) as an OU-style simulation proxy.
2025-04-01,UBER,0.0412589999999999,0.038185997430660625,438.3731708037425,0.5474983696942124,0.17559482394372677,0.01849038053535028,0.3984575269076092,0.1661946634069671,0.038185997430660625,-0.0030730025693392754,30,10,0.02182819041568329,ou_ar1,
2025-04-02,UBER,0.0562449999999999,0.03701513682249463,463.66298725147266,0.5550991136190342,0.1588281483773125,0.018228642244702137,0.37672424649753283,1.0549256998608396,0.03701513682249463,-0.019229863177505267,30,10,0.02570444248096926,ou_ar1,
2025-04-03,UBER,0.078823,0.04000907115812483,408.69460118544185,0.5523860046703942,0.19754201700116963,0.019320938516367105,0.4273927010399869,2.008904940564622,0.04000907115812483,-0.03881392884187517,30,10,0.03490139955169003,ou_ar1,
2025-04-04,UBER,-0.0227319999999999,0.046113044596787174,228.1588688416931,0.5146055761416659,0.4043831996166759,0.024090222569065393,0.7655765931338933,-2.8578002714342707,0.0461130445966771,0.06884504459667701,30,10,0.11127946910772435,ou_ar1,
2025-04-07,UBER,0.0445209999999999,0.04175662203265389,334.64985455845164,0.7446268038651623,-0.26501320784134685,0.02878248898050289,0.5219577630821798,0.09604374274992651,0.04175662203265389,-0.002764377967346014,30,10,0.047442121245764524,stationary_ar1_abs_phi_proxy,Strict OU rejected because AR(1) phi=-0.2650 is negative. Using stationary AR(1) mean/std with abs(phi) as an OU-style simulation proxy.
2025-04-08,UBER,0.1277859999999999,0.04246148246060087,320.39227366365657,0.7132367123044357,-0.2804393183296146,0.028175892029110586,0.5451850867180262,3.0282809662687518,0.04246148246060087,-0.08532451753939903,30,10,0.07998877949416439,stationary_ar1_abs_phi_proxy,Strict OU rejected because AR(1) phi=-0.2804 is negative. Using stationary AR(1) mean/std with abs(phi) as an OU-style simulation proxy.
2025-04-09,UBER,0.0993079999999999,0.05084576432432865,324.77487286734,1.0308338493222688,-0.275604288864799,0.04044664119784931,0.5378282129986531,1.198177011500479,0.05084576432432865,-0.04846223567567125,30,10,0.038414206490523406,stationary_ar1_abs_phi_proxy,Strict OU rejected because AR(1) phi=-0.2756 is negative. Using stationary AR(1) mean/std with abs(phi) as an OU-style simulation proxy.
2025-04-10,UBER,0.1804469999999999,0.06072882270878935,546.6074392896428,1.3881039117753164,0.11428303549782454,0.0419825884081052,0.3195585660672803,2.851614963028284,0.06072882270878935,-0.11971817729121056,30,10,0.011665605013711167,ou_ar1,
2025-04-11,UBER,0.13454,0.08516286371124228,216.4914215227115,1.2598860842285795,0.4235460887685128,0.060547460866826615,0.8068360781805008,0.815511263095939,0.0851628637115589,-0.04937713628844109,30,10,0.09498482245974116,ou_ar1,
2025-04-14,UBER,0.102752,0.08873582205545934,198.88433696374565,1.2279044533583556,0.4541973156544726,0.06156718339296701,0.8782646847295327,0.22765663738552258,0.08873582205619042,-0.014016177943809577,30,10,0.1856220921121815,ou_ar1,
2025-04-15,UBER,0.0882999999999999,0.09402699122176626,218.53301369480351,1.2260654410972114,0.4201285686190698,0.058646233597344194,0.7992984059838633,-0.09765318027218893,0.09402699122173747,0.00572699122173756,30,10,0.18714193395615286,ou_ar1,
2025-04-16,UBER,0.1230619999999999,0.09490341133237207,238.1020168032097,1.2552784641878816,0.3887381598116698,0.05752326694951781,0.7336060897185629,0.4895165062919617,0.09490341133238585,-0.028158588667614046,30,10,0.15786511679901316,ou_ar1,
2025-04-17,UBER,0.098051,0.10059608360497002,242.30571297036457,1.2857259058841315,0.3823072757178334,0.0584052073047644,0.720878956421757,-0.043576313181965316,0.10059608360496927,0.0025450836049692727,30,10,0.1433793280007688,ou_ar1,
2025-04-21,UBER,0.094437,0.11652708661011822,309.63221935958313,0.862228573676983,0.29267301492199427,0.034648492212972094,0.5641308577717951,-0.6375482798598634,0.11652708661011822,0.02209008661011823,30,10,0.2096896941694617,ou_ar1,
2025-04-22,UBER,0.0761699999999999,0.11618698837681736,692.9267640997361,1.075235198055194,-0.06394644253545612,0.02888316669714715,0.2520801599113362,-1.385477873545286,0.11618698837681736,0.040016988376817456,30,10,0.006789595555579786,stationary_ar1_abs_phi_proxy,Strict OU rejected because AR(1) phi=-0.0639 is negative. Using stationary AR(1) mean/std with abs(phi) as an OU-style simulation proxy.
2025-04-23,UBER,0.0937769999999999,0.10978752813665035,481.1437143247217,0.9763111357021896,0.14818401192765435,0.03147283295952867,0.3630372470858471,-0.5087094688056394,0.10978752813665035,0.01601052813665045,30,10,0.01860738506084003,ou_ar1,
2025-04-24,UBER,0.085892,0.1099924239052687,376.09044754631446,0.870509115825486,0.22482737108068745,0.0317403838180725,0.4644443660845593,-0.759298439596886,0.1099924239052687,0.024100423905268703,30,10,0.049579557156862686,ou_ar1,
2025-04-25,UBER,0.0799799999999999,0.09363156338637656,254.13806160480996,0.34640625016930043,0.36477141879684616,0.015365116765069589,0.6873157385324145,-0.8884776858586294,0.09363156338637557,0.013651563386375673,30,10,0.3955064049015584,ou_ar1,
2025-04-28,UBER,0.063898,0.09258051952868981,487.9386584424213,0.4312353488436153,0.14424175720850596,0.013804374777298537,0.35798165707691787,-2.0777847596443535,0.09258051952868981,0.028682519528689818,30,10,0.036379413030410146,ou_ar1,
2025-04-29,UBER,0.057806,0.08767527707898078,328.4385471529722,0.42793341194671913,0.27162643210263704,0.016696834306322236,0.5318288337810458,-1.7889185776773748,0.08767527707898078,0.029869277078980773,30,10,0.05242883332291892,ou_ar1,
2025-04-30,UBER,0.0730809999999999,0.08148377888971271,143.56538931971676,0.3536142204039142,0.5656929009401181,0.0208684333813677,1.2166796630357288,-0.4026549926462235,0.08148377857213882,0.00840277857213892,30,10,0.2274860395865047,ou_ar1,
2025-05-01,UBER,0.065637,0.07499911350860049,179.5529532842106,0.22209313427704797,0.49041087472995454,0.01171989872607111,0.9728221469274296,-0.7988220485023738,0.07499911350372322,0.009362113503723221,30,10,0.46914040829438153,ou_ar1,
2025-05-02,UBER,-0.001114,0.07245564001666166,153.69329446678594,0.22076489350765563,0.5434084533744089,0.012591792383822025,1.1365042964763445,-5.842666220512353,0.07245563918395827,0.07356963918395827,30,10,0.34182536324439416,ou_ar1,
2025-05-05,UBER,0.080686,-0.8092269209717188,3.0380155643171167,0.38981720551514637,0.9880167604907253,0.1581433770891251,57.49578493037415,5.62725380823371,-0.18939081569041538,-0.27007681569041536,30,10,0.2176176347260257,ou_ar1,
2025-05-06,UBER,-0.0312859999999999,0.06663354057442059,1096.9768997071717,1.3040633435103248,0.012867082985126706,0.027841007567142046,0.15923132888918048,-3.517097588450251,0.06663354057442059,0.09791954057442048,30,10,0.00016265552328387223,ou_ar1,
2025-05-07,UBER,0.0130549999999999,0.055520354722475414,348.2068340006751,1.0957130768239285,-0.2511328616039126,0.04152055994169102,0.5016360175767474,-1.0227548660738512,0.055520354722475414,0.042465354722475514,30,10,0.029375966064523973,stationary_ar1_abs_phi_proxy,Strict OU rejected because AR(1) phi=-0.2511 is negative. Using stationary AR(1) mean/std with abs(phi) as an OU-style simulation proxy.
2025-05-08,UBER,0.012351,0.04437765454923898,873.9346375506883,1.6980943219049627,0.031179495570841126,0.04061695255809618,0.1998697408202626,-0.7885046152448261,0.04437765454923898,0.03202665454923898,30,10,0.0009806259587417099,ou_ar1,
2025-05-09,UBER,-0.002647,0.03713694805158303,1598.902466235916,2.2338006102521586,-0.0017557642329281546,0.03950193965505931,0.10924561891027404,-1.0071391025095549,0.03713694805158303,0.03978394805158303,30,10,3.259221132312362e-06,stationary_ar1_abs_phi_proxy,Strict OU rejected because AR(1) phi=-0.0018 is negative. Using stationary AR(1) mean/std with abs(phi) as an OU-style simulation proxy.
2025-05-12,UBER,0.0224269999999999,0.029838084945621294,1060.8501699280778,1.8465127998795419,-0.01485048288817359,0.04008762245016571,0.16465387332967904,-0.1848721498720551,0.029838084945621294,0.0074110849456213955,30,10,0.00021414120867446762,stationary_ar1_abs_phi_proxy,Strict OU rejected because AR(1) phi=-0.0149 is negative. Using stationary AR(1) mean/std with abs(phi) as an OU-style simulation proxy.
2025-05-13,UBER,0.0055439999999999,0.026058278018671346,667.814214864108,1.4141122181724313,-0.0706472278657155,0.03869377013085556,0.26155940621397233,-0.5301700493204914,0.026058278018671346,0.020514278018671447,30,10,0.00535509332839168,stationary_ar1_abs_phi_proxy,Strict OU rejected because AR(1) phi=-0.0706 is negative. Using stationary AR(1) mean/std with abs(phi) as an OU-style simulation proxy.
2025-05-14,UBER,-0.011043,0.01952666258608186,410.15167271891266,0.9898922301467069,-0.19640311889780085,0.03456214389843938,0.42587438042905196,-0.8844839798107027,0.01952666258608186,0.03056966258608186,30,10,0.04789660953051189,stationary_ar1_abs_phi_proxy,Strict OU rejected because AR(1) phi=-0.1964 is negative. Using stationary AR(1) mean/std with abs(phi) as an OU-style simulation proxy.
2025-05-15,UBER,0.007763,0.01251413216141728,188.1918633550967,0.5749832655718013,-0.4738838125427654,0.029637378464473736,0.9281649396898627,-0.16030878598498352,0.012514132160532258,0.004751132160532258,30,10,0.2845373321435335,stationary_ar1_abs_phi_proxy,Strict OU rejected because AR(1) phi=-0.4739 is negative. Using stationary AR(1) mean/std with abs(phi) as an OU-style simulation proxy.
2025-05-16,UBER,-0.003981,0.010425792624204797,167.18981835726643,0.5579576440627783,-0.5150704146711897,0.03051274791206935,1.0447591319696805,-0.47215651195106473,0.010425792591503464,0.014406792591503464,30,10,0.26966232821882874,stationary_ar1_abs_phi_proxy,Strict OU rejected because AR(1) phi=-0.5151 is negative. Using stationary AR(1) mean/std with abs(phi) as an OU-style simulation proxy.
2025-05-19,UBER,0.009157,0.004074097398943704,226.643046440609,0.23071977429710505,-0.40682296304060095,0.01083673917848793,0.7706968832457812,0.46904354874078663,0.004074097398953438,-0.005082902601046563,30,10,0.6126671889697586,stationary_ar1_abs_phi_proxy,Strict OU rejected because AR(1) phi=-0.4068 is negative. Using stationary AR(1) mean/std with abs(phi) as an OU-style simulation proxy.
2025-05-20,UBER,0.0188659999999999,0.004956509728879773,352.12769403742107,0.2587677808346683,-0.24725573361675027,0.009750909197203195,0.4960504171039256,1.4264813659745408,0.004956509728879773,-0.013909490271120126,30,10,0.14768500866061074,stationary_ar1_abs_phi_proxy,Strict OU rejected because AR(1) phi=-0.2473 is negative. Using stationary AR(1) mean/std with abs(phi) as an OU-style simulation proxy.
2025-05-21,UBER,0.028364,0.00637378824969765,374.2866219545362,0.2993732878155949,-0.22644246752519165,0.010941979501798831,0.4666826951734422,2.009710559838576,0.00637378824969765,-0.02199021175030235,30,10,0.04514549585720118,stationary_ar1_abs_phi_proxy,Strict OU rejected because AR(1) phi=-0.2264 is negative. Using stationary AR(1) mean/std with abs(phi) as an OU-style simulation proxy.
2025-05-22,UBER,0.0215929999999999,0.008355266081584444,783.7654744851186,0.5177384981840198,0.044592907631974155,0.013076827579181109,0.22286397549707676,1.0123046922703576,0.008355266081584444,-0.013237733918415456,30,10,0.0013841530023660509,ou_ar1,
2025-05-23,UBER,0.0168529999999999,0.0119087738368445,340.07234228089885,0.33998823480756263,0.259371619392496,0.013036566805257433,0.513635094020162,0.3792582999046555,0.0119087738368445,-0.0049442261631554,30,10,0.06762346156031918,ou_ar1,
2025-05-27,UBER,0.012636,0.009895096754005715,217.7524745423262,0.2596401895001987,0.4214318828182152,0.012441575234182444,0.8021635109692113,0.22030194685186053,0.00989509675402084,-0.00274090324597916,30,10,0.19172259887330156,ou_ar1,
2025-05-28,UBER,0.0334309999999999,0.01196363005832608,168.30274855977797,0.22732783081557223,0.5128006787093449,0.01239059054811427,1.0378504866726261,1.732554219939174,0.011963630101007275,-0.021467369898992623,30,10,0.26794215166926505,ou_ar1,
2025-05-29,UBER,0.029223,0.020107908459740878,201.60040370247327,0.22086264030168107,0.4493282442955199,0.010999211754657253,0.8664322406759312,0.8287040693074789,0.020107908460084967,-0.009115091539915032,30,10,0.24425651719539287,ou_ar1,
2025-05-30,UBER,0.028677,0.021331157705738162,152.3628214882978,0.2044199754732917,0.5462850493913145,0.01171032183068366,1.1464285564869376,0.6272963630268547,0.02133115780315209,-0.007345842196847911,30,10,0.283827389192154,ou_ar1,
2025-06-02,UBER,0.0185099999999999,0.02449294650638969,231.850259776901,0.16314857988527875,0.3985028163495115,0.0075764281079374746,0.7533875082528966,-0.7896790441556134,0.024492946506383523,0.005982946506383622,30,10,0.30642434906735205,ou_ar1,
2025-06-03,UBER,-0.017518,0.023271561684746662,531.6045073900946,0.2277706608061191,0.12129354301377868,0.006985354590089919,0.3285771416022439,-5.8392972266024366,0.023271561684746662,0.040789561684746664,30,10,0.020859902140088704,ou_ar1,
2025-06-04,UBER,-0.0248299999999999,0.015071043117510497,175.55869564572754,0.3225642536178756,0.4982459289312686,0.01721432772929249,0.9949554982658994,-2.3178972623841374,0.01507104308406813,0.03990104308406803,30,10,0.051879085909211864,ou_ar1,
2025-06-05,UBER,0.011126,-0.13012767642517292,10.184986640158634,0.23429056768091877,0.96038924452489,0.05191102150334764,17.15005582946799,2.7210729501068234,-0.088111319715651,-0.099237319715651,30,10,0.5087549192900982,ou_ar1,
2025-06-06,UBER,0.009213,0.010776720326402322,167.19047776958703,0.37141660307422325,0.5150690668801856,0.020311432151757656,1.0447550113579513,-0.07698720182402323,0.010776720322853182,0.001563720322853181,30,10,0.27157907747392906,ou_ar1,
2025-06-09,UBER,0.003294,0.01026503014539688,167.67521264594316,0.37186715092274064,0.5140792574913999,0.020306654778780485,1.0417347128698118,-0.34328796255901706,0.01026503013046208,0.00697103013046208,30,10,0.2660426059425719,ou_ar1,
2025-06-10,UBER,0.036677,0.009002325803743135,164.97412952184231,0.3731123923890859,0.5196190956775877,0.020540771581889973,1.0587907934860767,1.3473045102481247,0.009002325885520968,-0.027674674114479034,30,10,0.2659777983800665,ou_ar1,
2025-06-11,UBER,0.0092749999999999,0.010769626174561413,206.65459405613254,0.4286330777871673,0.44040614856088417,0.02108376430840975,0.8452417440749498,-0.07088991096174163,0.0107696261745305,0.0014946261745306007,30,10,0.18509834270921932,ou_ar1,
2025-06-12,UBER,0.009216,0.007368195508913775,312.7710228017504,0.4913694173381841,0.2890502147832359,0.019646259205132084,0.5584695408686328,0.09405375709404941,0.007368195508913775,-0.0018478044910862253,30,10,0.09408385326395718,ou_ar1,
2025-06-13,UBER,-0.021058,0.0056033920571974104,419.96162866090884,0.527381871073532,0.18890436458995075,0.01819723456414353,0.41592630750116255,-1.4651342742886853,0.0056033920571974104,0.026661392057197413,30,10,0.041810570149425574,ou_ar1,
2025-06-16,UBER,0.030539,0.0013039616420840213,622.2356421420101,0.6920910629936827,0.08465348039567906,0.019618725977875916,0.2807185536653032,1.4901598804572938,0.0013039616420840213,-0.02923503835791598,30,10,0.006210751821602578,ou_ar1,
2025-06-17,UBER,0.03234,0.006869660739845041,844.8166659688052,0.8324654787492475,-0.03499860458883987,0.020252096995281913,0.20675857441898052,1.2576642935340834,0.006869660739845041,-0.02547033926015496,30,10,0.001148467085861693,stationary_ar1_abs_phi_proxy,Strict OU rejected because AR(1) phi=-0.0350 is negative. Using stationary AR(1) mean/std with abs(phi) as an OU-style simulation proxy.
2025-06-18,UBER,0.0269309999999999,0.012875353633120193,605.4461246712119,0.6194227141962856,-0.09048565159202006,0.01780058917832658,0.2885031093327463,0.7896169180733301,0.012875353633120193,-0.014055646366879707,30,10,0.010571878994435235,stationary_ar1_abs_phi_proxy,Strict OU rejected because AR(1) phi=-0.0905 is negative. Using stationary AR(1) mean/std with abs(phi) as an OU-style simulation proxy.
2025-06-20,UBER,0.0400619999999999,0.01507451546305841,753.6121214282381,0.7120950179657011,-0.050261078364234116,0.01834209810015722,0.23178115708922986,1.3623024149416862,0.01507451546305841,-0.024987484536941496,30,10,0.0023852886039825716,stationary_ar1_abs_phi_proxy,Strict OU rejected because AR(1) phi=-0.0503 is negative. Using stationary AR(1) mean/std with abs(phi) as an OU-style simulation proxy.
2025-06-23,UBER,0.0594299999999999,0.018776434742201215,742.2663275527847,0.7671534739926004,0.05257569702192761,0.019910738954954474,0.23532401109584847,2.041790882285797,0.018776434742201215,-0.04065356525779869,30,10,0.0023464639949355437,ou_ar1,
2025-06-24,UBER,0.0196509999999999,0.0272025713293072,324.3175981379839,0.5934631030632015,0.27610484953487946,0.023302014476041258,0.5385865290812555,-0.3240737549567528,0.0272025713293072,0.0075515713293073,30,10,0.05680585165684926,ou_ar1,
2025-06-25,UBER,0.0229849999999999,0.022386796627837068,377.4135758882389,0.6220288364781565,0.22365000646613664,0.0226405389907777,0.4628161270829088,0.026421781407523177,0.022386796627837068,-0.0005982033721628338,30,10,0.05179633487475743,ou_ar1,
2025-06-26,UBER,0.0171919999999999,0.025039448569206674,323.28073795956897,0.5602568830288506,0.27724323004896506,0.02203343905013036,0.5403139407673329,-0.35616085856376317,0.025039448569206674,0.007847448569206775,30,10,0.08095008491144451,ou_ar1,
2025-06-27,UBER,0.008769,0.02561420710817521,364.4893582739086,0.5809274259322408,0.23541947822534776,0.02151614467868306,0.4792268567957528,-0.7829101058641075,0.02561420710817521,0.016845207108175206,30,10,0.05820569952199839,ou_ar1,
2025-06-30,UBER,-0.0295699999999999,0.028952156216026415,629.7303018267672,0.5209669783361903,0.08217289554804329,0.01467972441892698,0.2773776154560164,-3.986597741615099,0.028952156216026415,0.058522156216026314,30,10,0.014436403975036982,ou_ar1,
2025-07-01,UBER,-0.0320849999999999,-0.03558495449741932,27.663610818421553,0.3416863432356023,0.8960346154789303,0.045936530435441804,6.314182578970825,0.07619109376007803,-0.03545499559769998,-0.0033699955977000845,30,10,0.29537076604074064,ou_ar1,
2025-07-02,UBER,-0.004776,-0.05027910293493929,26.29040724638895,0.33645005966579666,0.9009306333210212,0.046398822052525684,6.643985688928344,0.9806952185861012,-0.04828943027337673,-0.04351343027337673,30,10,0.5416685093059791,ou_ar1,
2025-07-03,UBER,-0.0004629999999999,0.003031378575747709,89.48271370294634,0.40476263720890915,0.7011102466705628,0.0302563019657963,1.9520316525151924,-0.11549258662535437,0.003031295979677619,0.003494295979677519,30,10,0.48298892057212695,ou_ar1,
2025-07-07,UBER,-0.025905,-0.0016689586434593072,107.52100788499506,0.39086386011656515,0.6526784659094244,0.026654089737293447,1.6245484760330495,-0.9092803991963189,-0.001669025545629713,0.02423597445437029,30,10,0.4846500979835432,ou_ar1,
2025-07-08,UBER,0.0210979999999999,-0.012300531781363243,172.9663249765207,0.3582225405432566,0.503397931442302,0.019260037694467283,1.009867611656877,1.734084445273819,-0.012300531743250503,-0.0333985317432504,30,10,0.4199721850234901,ou_ar1,
2025-07-09,UBER,0.0136809999999999,-0.0024504285185859543,282.15100539032005,0.524108334881082,0.32639504172959793,0.022063035685573135,0.6190766155855734,0.7311518119482571,-0.0024504285185859126,-0.016131428518585813,30,10,0.10471040955958355,ou_ar1,
2025-07-10,UBER,-0.0412649999999999,-0.00395177072531118,326.4802002193147,0.5311308610031207,0.2737455236149458,0.02078538698456125,0.5350189364738465,-1.7951664456574152,-0.003951770725311181,0.03731322927468872,30,10,0.08348193809536086,ou_ar1,
2025-07-11,UBER,0.018249,-0.00981150804818611,815.3760352200851,0.9142566513538627,-0.03933584114153898,0.022639882016940997,0.21422396778433486,1.2394281925669473,-0.00981150804818611,-0.028060508048186113,30,10,0.0013166658419520028,stationary_ar1_abs_phi_proxy,Strict OU rejected because AR(1) phi=-0.0393 is negative. Using stationary AR(1) mean/std with abs(phi) as an OU-style simulation proxy.
2025-07-14,UBER,0.014799,-0.009290764723819284,247.78204983256663,0.5342401564357674,-0.3740887903055377,0.023998638858526742,0.70494650286063,1.0037971264049488,-0.00929076472381556,-0.02408976472381556,30,10,0.12646668207123246,stationary_ar1_abs_phi_proxy,Strict OU rejected because AR(1) phi=-0.3741 is negative. Using stationary AR(1) mean/std with abs(phi) as an OU-style simulation proxy.
2025-07-15,UBER,0.0252859999999999,-0.004580557890464206,546.1480551132886,0.7803810829283643,-0.11449155811519293,0.02361220470447683,0.3198273579219712,1.2648779842570763,-0.004580557890464206,-0.029866557890464104,30,10,0.01332901306631129,stationary_ar1_abs_phi_proxy,Strict OU rejected because AR(1) phi=-0.1145 is negative. Using stationary AR(1) mean/std with abs(phi) as an OU-style simulation proxy.
2025-07-16,UBER,0.022812,0.0014579475987168005,474.25023757929966,0.7028139392404079,-0.15229354746921014,0.022820312644836277,0.3683141844961101,0.9357475830251231,0.0014579475987168005,-0.0213540524012832,30,10,0.024795736294069726,stationary_ar1_abs_phi_proxy,Strict OU rejected because AR(1) phi=-0.1523 is negative. Using stationary AR(1) mean/std with abs(phi) as an OU-style simulation proxy.
2025-07-17,UBER,0.0018489999999999,0.005066631372111308,560.5215804300506,0.7907744834768782,-0.10814395899078696,0.023617910928599165,0.3116259847963236,-0.1362369170515901,0.005066631372111308,0.003217631372111408,30,10,0.010944788403926875,stationary_ar1_abs_phi_proxy,Strict OU rejected because AR(1) phi=-0.1081 is negative. Using stationary AR(1) mean/std with abs(phi) as an OU-style simulation proxy.
2025-07-18,UBER,0.013749,0.005593471275440513,517.6053676002684,0.7576856578197639,-0.1282223318882986,0.023549120018655893,0.33746382946322373,0.3463198929768323,0.005593471275440513,-0.008155528724559487,30,10,0.016523232567954627,stationary_ar1_abs_phi_proxy,Strict OU rejected because AR(1) phi=-0.1282 is negative. Using stationary AR(1) mean/std with abs(phi) as an OU-style simulation proxy.
2025-07-21,UBER,0.015233,0.009359670390723837,433.5057549929058,0.5978216462449927,-0.17901942982718713,0.020302952785204227,0.4029314201468091,0.2892845031662759,0.009359670390723837,-0.0058733296092761626,30,10,0.042646755360196464,stationary_ar1_abs_phi_proxy,Strict OU rejected because AR(1) phi=-0.1790 is negative. Using stationary AR(1) mean/std with abs(phi) as an OU-style simulation proxy.
2025-07-22,UBER,0.0166489999999999,0.009443224700211528,549.1870150711374,0.6663088027083627,-0.11311915442711987,0.020104830818133693,0.3180575736636462,0.35841014356057516,0.009443224700211528,-0.007205775299788372,30,10,0.01318860063771321,stationary_ar1_abs_phi_proxy,Strict OU rejected because AR(1) phi=-0.1131 is negative. Using stationary AR(1) mean/std with abs(phi) as an OU-style simulation proxy.
2025-07-23,UBER,0.027394,0.009671702097778042,536.3711628027777,0.6620571595543652,-0.11902080190189301,0.02021379133891456,0.32565712255737556,0.8767428932594103,0.009671702097778042,-0.017722297902221962,30,10,0.01402127595335434,stationary_ar1_abs_phi_proxy,Strict OU rejected because AR(1) phi=-0.1190 is negative. Using stationary AR(1) mean/std with abs(phi) as an OU-style simulation proxy.
2025-07-24,UBER,0.0050599999999999,0.017198792888227434,1008.8431950602503,0.33998055602886007,-0.018254456953421084,0.0075688038005953156,0.17314196136365312,-1.6037927799466503,0.017198792888227434,0.012138792888227534,30,10,0.002371530657335974,stationary_ar1_abs_phi_proxy,Strict OU rejected because AR(1) phi=-0.0183 is negative. Using stationary AR(1) mean/std with abs(phi) as an OU-style simulation proxy.
2025-07-25,UBER,0.008474,0.016192662367703427,318.79415022910825,0.21886783798694875,-0.28222344836838886,0.008667857806803389,0.5479181138536378,-0.8904924999629158,0.016192662367703427,0.007718662367703426,30,10,0.06202165905788204,stationary_ar1_abs_phi_proxy,Strict OU rejected because AR(1) phi=-0.2822 is negative. Using stationary AR(1) mean/std with abs(phi) as an OU-style simulation proxy.
2025-07-28,UBER,0.011909,0.015219313503322038,636.8887728144832,0.31901748929116214,-0.07987148287981546,0.008938562854084576,0.27425996022697363,-0.37034068645714724,0.015219313503322038,0.003310313503322039,30,10,0.005889061844719712,stationary_ar1_abs_phi_proxy,Strict OU rejected because AR(1) phi=-0.0799 is negative. Using stationary AR(1) mean/std with abs(phi) as an OU-style simulation proxy.
2025-07-29,UBER,-0.004287,0.013729540988841877,853.8907986738142,0.33543810436862126,-0.033760778479514586,0.008117012792445097,0.20456139095583722,-2.219602389392654,0.013729540988841877,0.018016540988841877,30,10,0.0013811746135985459,stationary_ar1_abs_phi_proxy,Strict OU rejected because AR(1) phi=-0.0338 is negative. Using stationary AR(1) mean/std with abs(phi) as an OU-style simulation proxy.
2025-07-30,UBER,-0.0090279999999999,0.011132565887117741,430.0242334197856,0.2724516904103973,-0.18150984747046178,0.009290263750918322,0.40619359544463624,-2.170074653168465,0.011132565887117741,0.02016056588711764,30,10,0.02535350700121064,stationary_ar1_abs_phi_proxy,Strict OU rejected because AR(1) phi=-0.1815 is negative. Using stationary AR(1) mean/std with abs(phi) as an OU-style simulation proxy.
2025-07-31,UBER,0.006911,0.008485721909679302,203.077325214983,0.23156558754532255,0.44670252340529,0.01149021897090996,0.8601309344418078,-0.13704890339044545,0.008485721909629441,0.0015747219096294415,30,10,0.1391903611082842,ou_ar1,
2025-08-01,UBER,0.0035929999999999,0.008210079881189424,235.45654997579243,0.23795991999388738,0.39284058372128616,0.010965625969347598,0.7418485046139704,-0.42105027967356595,0.008210079881186327,0.004617079881186427,30,10,0.15705395773449005,ou_ar1,
2025-08-04,UBER,0.006749,0.006631966649720995,247.0945723856963,0.23946503470152838,0.37511072969793413,0.010771979256579573,0.7069078361966384,0.010864609696265428,0.006631966649721015,-0.00011703335027898453,30,10,0.1454735268926981,ou_ar1,
2025-08-05,UBER,0.001087,0.005807050917221588,292.6703934461694,0.24601711019726963,0.31305059686408,0.010168594272048925,0.5968252799483583,-0.4641792946932594,0.0058070509172215845,0.004720050917221584,30,10,0.10921452075260951,ou_ar1,
2025-08-06,UBER,-0.0036289999999999,0.003110950597158203,618.8020977915463,0.22924538603783107,0.08581479253977238,0.006516429739060655,0.2822761754113311,-1.0343011230148962,0.003110950597158203,0.006739950597158103,30,10,0.017963765217611227,ou_ar1,
2025-08-07,UBER,0.0158159999999999,0.0022637803158064907,496.9233057960301,0.21788316754760909,0.13918965099541086,0.006911367710300167,0.35150915133934874,1.9608593048806,0.0022637803158064907,-0.01355221968419341,30,10,0.017443032368876343,ou_ar1,
2025-08-08,UBER,-0.001695,0.0031424189249869357,515.9697861169096,0.25911909428089197,-0.12905725301512327,0.008066261244993342,0.33853356184993433,-0.599710172787855,0.0031424189249869357,0.004837418924986936,30,10,0.012258344839860325,stationary_ar1_abs_phi_proxy,Strict OU rejected because AR(1) phi=-0.1291 is negative. Using stationary AR(1) mean/std with abs(phi) as an OU-style simulation proxy.
2025-08-11,UBER,-0.0148409999999999,0.0020750404020586674,301.42482774225005,0.1819923060677955,-0.3023620106219833,0.007412223729887978,0.5794913803532803,-2.2821815717527216,0.002075040402058663,0.016916040402058564,30,10,0.10605106840092249,stationary_ar1_abs_phi_proxy,Strict OU rejected because AR(1) phi=-0.3024 is negative. Using stationary AR(1) mean/std with abs(phi) as an OU-style simulation proxy.
2025-08-12,UBER,-0.003012,0.0006452089371023511,615.6140901938527,0.3221524944949518,-0.08690731645252467,0.009181047302987445,0.28373796552658964,-0.3983433279896425,0.0006452089371023511,0.003657208937102351,30,10,0.005016294138198596,stationary_ar1_abs_phi_proxy,Strict OU rejected because AR(1) phi=-0.0869 is negative. Using stationary AR(1) mean/std with abs(phi) as an OU-style simulation proxy.
2025-08-13,UBER,-0.024566,0.0011910539982920773,781.0164898506514,0.3392257843003186,-0.045082019840625744,0.008583091764416226,0.22364840150111018,-3.0009062824046286,0.0011910539982920773,0.02575705399829208,30,10,0.002318837963152909,stationary_ar1_abs_phi_proxy,Strict OU rejected because AR(1) phi=-0.0451 is negative. Using stationary AR(1) mean/std with abs(phi) as an OU-style simulation proxy.
2025-08-14,UBER,-0.001432,-0.0033376216884455218,367.5282036891199,0.32390528676713515,0.23259762427363956,0.011946968064863736,0.4752644497695651,0.15950671987229897,-0.0033376216884455218,-0.0019056216884455219,30,10,0.028682953869906713,ou_ar1,
2025-08-15,UBER,0.0035159999999999,-0.0028701758159393126,718.1469987450693,0.4393776225524919,0.057856488113033434,0.011593545261095767,0.24322748658191132,0.5508389083854426,-0.0028701758159393126,-0.006386175815939213,30,10,0.0034611537437188034,ou_ar1,
2025-08-18,UBER,0.008942,-0.003199038816628569,1140.7436095823043,0.540058892463177,0.010815658265184769,0.011306601905309794,0.15312212843783948,1.0738008570839404,-0.003199038816628569,-0.01214103881662857,30,10,0.0001230045566694704,ou_ar1,
2025-08-19,UBER,0.003053,-0.002276995900870752,758.063847025344,0.46585571165285206,0.049380983951580235,0.01196419641443645,0.23042002357258762,0.44549551981939867,-0.002276995900870752,-0.005329995900870752,30,10,0.002178374051100218,ou_ar1,
2025-08-20,UBER,0.0197129999999999,-0.001496574724149755,578.0083454480163,0.41070196981826246,0.1008940915814573,0.012079382496821889,0.3021982137052303,1.7558492522055609,-0.001496574724149755,-0.021209574724149655,30,10,0.009985754774573308,ou_ar1,
2025-08-21,UBER,0.0181209999999999,-0.0010289685796379185,388.47844183627245,0.35849515597934895,0.21404240735162466,0.012861298928126173,0.4496339325174798,1.4889606941456788,-0.0010289685796379185,-0.01914996857963782,30,10,0.04062468204694791,ou_ar1,
2025-08-22,UBER,0.023879,0.0032765064293069266,173.54534912977613,0.2758526163629686,0.5022425943436124,0.014806609403096417,1.0064982460030476,1.3914389857805394,0.0032765064512514444,-0.020602493548748557,30,10,0.2020087813482493,ou_ar1,
2025-08-25,UBER,-0.019295,0.012161027305107862,123.47990137819117,0.23613214972167662,0.6126266339397135,0.01502595161719588,1.4145872125871062,-2.093446598690575,0.012161014315977124,0.031456014315977124,30,10,0.35344434306263117,ou_ar1,
2025-08-26,UBER,0.0037179999999999,0.0030422625187331177,383.3679940992632,0.46734131546289864,0.21842740463484278,0.016877621868383652,0.455627731552048,0.04003748197088249,0.0030422625187331177,-0.0006757374812667825,30,10,0.03694990159929623,ou_ar1,
2025-08-27,UBER,0.001707,0.006984733041146141,619.4476648146222,0.46021095130271217,0.08559523579136352,0.01307493809040461,0.28198199690264303,-0.40365262188272577,0.006984733041146141,0.005277733041146141,30,10,0.012014526510248702,ou_ar1,
2025-08-28,UBER,0.0102249999999999,0.007027990376822402,854.9793982610721,0.5335481971212419,-0.03361525188271867,0.012902706960192202,0.2043009338662087,0.2477782091030203,0.007027990376822402,-0.003197009623177499,30,10,0.0011658176448602342,stationary_ar1_abs_phi_proxy,Strict OU rejected because AR(1) phi=-0.0336 is negative. Using stationary AR(1) mean/std with abs(phi) as an OU-style simulation proxy.
2025-08-29,UBER,0.016471,0.007736111226450376,670.691633393273,0.47127158671584374,-0.06984514263166999,0.012867518888845674,0.26043725730910267,0.6788324034341648,0.007736111226450376,-0.008734888773549623,30,10,0.004905105539967591,stationary_ar1_abs_phi_proxy,Strict OU rejected because AR(1) phi=-0.0698 is negative. Using stationary AR(1) mean/std with abs(phi) as an OU-style simulation proxy.
