date,ticker,skew,skew_definition,target_tenor_days,call_iv,put_iv,atm_iv,call_delta,put_delta,call_strike,put_strike,call_expiry,put_expiry,call_days_to_expiry,put_days_to_expiry,roll_mean,roll_std,z_score,signal,next_skew_change,signal_pnl,cum_signal_pnl
2025-01-02,UBER,-0.0021249999999999,put_minus_call,30,0.391274,0.389149,,0.234328,-0.242871,69.0,59.0,2025-01-31,2025-01-31,29,29,,,,,0.0147759999999998,,0.0
2025-01-03,UBER,0.0126509999999999,put_minus_call,30,0.375607,0.388258,,0.246599,-0.269321,70.0,61.0,2025-01-31,2025-01-31,28,28,,,,,-0.0161369999999998,,0.0
2025-01-06,UBER,-0.0034859999999999,put_minus_call,30,0.428292,0.424806,,0.254337,-0.265732,73.0,62.0,2025-02-07,2025-02-07,32,32,,,,,0.0040169999999999,,0.0
2025-01-07,UBER,0.000531,put_minus_call,30,0.443104,0.443635,,0.251485,-0.236827,73.0,61.0,2025-02-07,2025-02-07,31,31,,,,,-0.006634,,0.0
2025-01-08,UBER,-0.006103,put_minus_call,30,0.422086,0.415983,,0.251837,-0.231921,71.0,60.0,2025-02-07,2025-02-07,30,30,,,,,0.003681,,0.0
2025-01-10,UBER,-0.002422,put_minus_call,30,0.446392,0.44397,,0.269013,-0.234464,72.0,61.0,2025-02-07,2025-02-07,28,28,,,,,0.073972,,0.0
2025-01-13,UBER,0.07155,put_minus_call,30,0.405948,0.477498,,0.251705,-0.26784,72.0,61.0,2025-02-14,2025-02-14,32,32,,,,,-0.0974459999999999,,0.0
2025-01-14,UBER,-0.0258959999999999,put_minus_call,30,0.491376,0.46548,,0.263833,-0.253008,72.0,60.0,2025-02-14,2025-02-14,31,31,,,,,0.0324919999999998,,0.0
2025-01-15,UBER,0.0065959999999999,put_minus_call,30,0.468984,0.47558,,0.260879,-0.253501,74.0,62.0,2025-02-14,2025-02-14,30,30,,,,,-0.0092809999999998,,0.0
2025-01-16,UBER,-0.0026849999999999,put_minus_call,30,0.459095,0.45641,,0.241909,-0.265585,76.0,64.0,2025-02-14,2025-02-14,29,29,0.00486110000000002,0.02543953419581417,-0.2966288589215426,0.1483144294607713,0.013777999999999901,0.0020434762091104926,0.0020434762091104926
2025-01-17,UBER,0.011093,put_minus_call,30,0.45679,0.467883,,0.250856,-0.237728,74.0,62.0,2025-02-14,2025-02-14,28,28,0.00618290000000001,0.025379537980428222,0.19346687886069797,-0.09673343943034898,-0.0159459999999999,0.0015425114251563354,0.003585987634266828
2025-01-21,UBER,-0.0048529999999999,put_minus_call,30,0.440393,0.43554,,0.24249,-0.254178,75.0,63.0,2025-02-21,2025-02-21,31,31,0.00443250000000003,0.02548726109364351,-0.3643192560347617,0.18215962801738084,-0.0030600000000001,-0.0005574084617332036,0.0030285791725336245
2025-01-22,UBER,-0.007913,put_minus_call,30,0.445152,0.437239,,0.243256,-0.249542,75.0,63.0,2025-02-21,2025-02-21,30,30,0.003989800000000021,0.02567781835142713,-0.46354405335757365,0.23177202667878682,0.002758,0.000639227249580094,0.0036678064221137186
2025-01-23,UBER,-0.005155,put_minus_call,30,0.450516,0.445361,,0.259362,-0.232463,75.0,63.0,2025-02-21,2025-02-21,29,29,0.003421200000000021,0.02582544870557806,-0.3320832910890582,0.1660416455445291,0.0027520000000001,0.0004569466085385607,0.004124753030652279
2025-01-24,UBER,-0.0024029999999999,put_minus_call,30,0.444374,0.441971,,0.261308,-0.25853,75.0,64.0,2025-02-21,2025-02-21,28,28,0.0037912000000000306,0.025700034862924884,-0.24101912830226324,0.12050956415113162,0.0243489999999999,0.0029342873775158916,0.007059040408168171
2025-01-27,UBER,0.021946,put_minus_call,30,0.442891,0.464837,,0.245882,-0.236942,76.0,63.0,2025-02-28,2025-02-28,32,32,0.00622800000000003,0.026195926515395457,0.6000169526648517,-0.30000847633242583,-0.041324,0.012397550275961166,0.019456590684129336
2025-01-28,UBER,-0.019378,put_minus_call,30,0.497264,0.477886,,0.248412,-0.262405,76.0,63.0,2025-02-28,2025-02-28,31,31,-0.0028647999999999695,0.013896252602770264,-1.1883203675146254,0.5941601837573127,0.0079620000000001,0.004730703383075783,0.024187294067205118
2025-01-29,UBER,-0.0114159999999999,put_minus_call,30,0.5084,0.496984,,0.249313,-0.251731,74.0,61.0,2025-02-28,2025-02-28,30,30,-0.0014167999999999696,0.011830620983044127,-0.8451965466843182,0.4225982733421591,0.0388119999999999,0.016401884184955837,0.040589178252160955
2025-01-30,UBER,0.027396,put_minus_call,30,0.488975,0.516371,,0.25085,-0.243401,74.0,61.0,2025-02-28,2025-02-28,29,29,0.0006632000000000405,0.014841311770415248,1.8012423978107694,-0.9006211989053847,-0.0245150000000001,0.022078728691165596,0.06266790694332655
2025-01-31,UBER,0.0028809999999999,put_minus_call,30,0.502376,0.505257,,0.26236,-0.264701,74.0,62.0,2025-02-28,2025-02-28,28,28,0.0012198000000000204,0.014806121007505255,0.11219684069566997,-0.056098420347834986,-0.035682999999999895,0.00200175993327179,0.06466966687659834
2025-02-03,UBER,-0.032802,put_minus_call,30,0.58716,0.554358,,0.249537,-0.276259,77.0,62.0,2025-03-07,2025-03-07,32,32,-0.0031696999999999793,0.01776487379352861,-1.668027611363863,0.8340138056819315,0.064829,0.05406828100855394,0.11873794788515227
2025-02-04,UBER,0.032027,put_minus_call,30,0.459912,0.491939,,0.22893,-0.244472,78.0,64.0,2025-03-07,2025-03-07,31,31,0.0005183000000000104,0.020923876367282736,1.5058729772112414,-0.7529364886056207,-0.053604,0.04036040753521569,0.15909835542036796
2025-02-05,UBER,-0.021577,put_minus_call,30,0.365162,0.343585,,0.242754,-0.25985,70.0,61.0,2025-03-07,2025-03-07,30,30,-0.0008480999999999894,0.02195632632927871,-0.9440969171768079,0.47204845858840394,0.0181170000000001,0.00855210192424616,0.16765045734461412
2025-02-06,UBER,-0.0034599999999999,put_minus_call,30,0.354452,0.350992,,0.229859,-0.250436,76.0,66.0,2025-03-07,2025-03-07,29,29,-0.0006785999999999795,0.021925904832209568,-0.12685451393157518,0.06342725696578759,-9.200000000000007e-05,-5.835307640852463e-06,0.16764462203697328
2025-02-07,UBER,-0.0035519999999999,put_minus_call,30,0.367257,0.363705,,0.273314,-0.238503,80.0,70.0,2025-03-07,2025-03-07,28,28,-0.0007934999999999794,0.02193895210831891,-0.12573526695260617,0.06286763347630309,-0.0012840000000001002,-8.072204138357946e-05,0.1675638999955897
2025-02-10,UBER,-0.004836,put_minus_call,30,0.374434,0.369598,,0.23647,-0.261334,86.0,74.0,2025-03-14,2025-03-14,32,32,-0.0034716999999999795,0.02043794937011919,-0.06675327232166757,0.033376636160833785,-0.048371,-0.001614461267735691,0.16594943872785403
2025-02-11,UBER,-0.053207,put_minus_call,30,0.376307,0.3231,,0.224063,-0.228871,84.0,72.0,2025-03-14,2025-03-14,31,31,-0.00685459999999998,0.025528932458857123,-1.8156810933908951,0.9078405466954476,0.04137299999999999,0.03756008693843074,0.20350952566628477
2025-02-12,UBER,-0.011834,put_minus_call,30,0.360645,0.348811,,0.244612,-0.259602,86.0,75.0,2025-03-14,2025-03-14,30,30,-0.00689639999999999,0.02553757169870829,-0.1933464958318554,0.0966732479159277,0.001657000000000101,0.00016018757179670198,0.20366971323808147
2025-02-13,UBER,-0.0101769999999999,put_minus_call,30,0.353995,0.343818,,0.235984,-0.259201,87.0,76.0,2025-03-14,2025-03-14,29,29,-0.010653699999999978,0.022516978088396616,0.021170691650036724,-0.010585345825018362,0.0071179999999999,-7.534649158247964e-05,0.203594366746499
2025-02-14,UBER,-0.003059,put_minus_call,30,0.332517,0.329458,,0.251369,-0.244095,85.0,75.0,2025-03-14,2025-03-14,28,28,-0.01124769999999997,0.022196325331760067,0.3689214262994695,-0.18446071314973475,-0.004354,0.0008031419450539451,0.20439750869155293
2025-02-18,UBER,-0.007413,put_minus_call,30,0.353644,0.346231,,0.272001,-0.282256,87.5,77.5,2025-03-21,2025-03-21,31,31,-0.00870879999999997,0.020869298736022095,0.06209120950304448,-0.03104560475152224,-0.0014649999999998995,4.548181096097697e-05,0.2044429905025139
2025-02-19,UBER,-0.0088779999999999,put_minus_call,30,0.342814,0.333936,,0.248636,-0.287097,87.5,77.5,2025-03-21,2025-03-21,30,30,-0.012799299999999958,0.01524995443381172,0.2571351945357866,-0.1285675972678933,-0.0018730000000001003,0.00024080710968277705,0.20468379761219668
2025-02-20,UBER,-0.010751,put_minus_call,30,0.344117,0.333366,,0.249089,-0.279911,87.5,77.5,2025-03-21,2025-03-21,29,29,-0.01171669999999996,0.014938679400580683,0.0646442683522897,-0.03232213417614485,0.0171559999999999,-0.0005545185339259378,0.20412927907827075
2025-02-21,UBER,0.0064049999999999,put_minus_call,30,0.348887,0.355292,,0.245792,-0.276692,85.0,75.0,2025-03-21,2025-03-21,28,28,-0.010730199999999978,0.015842868615107406,1.0815718047210299,-0.5407859023605149,-0.0470669999999999,0.025453170066402304,0.22958244914467305
2025-02-24,UBER,-0.040662,put_minus_call,30,0.408322,0.36766,,0.277624,-0.223138,83.0,71.0,2025-03-28,2025-03-28,32,32,-0.014441199999999987,0.018152561066937318,-1.444468353711147,0.7222341768555735,0.081312,0.058726305388480386,0.2883087545331534
2025-02-25,UBER,0.04065,put_minus_call,30,0.361735,0.402385,,0.258746,-0.251686,81.0,70.0,2025-03-28,2025-03-28,31,31,-0.009892599999999988,0.025169474656593218,2.00809117749147,-1.0,-0.0436649999999999,0.0436649999999999,0.3319737545331533
2025-02-26,UBER,-0.0030149999999999,put_minus_call,30,0.382755,0.37974,,0.267449,-0.244429,82.0,71.0,2025-03-28,2025-03-28,30,30,-0.004873399999999979,0.02005759080027087,0.09265320139919207,-0.046326600699596036,0.0282359999999998,-0.0013080778973537843,0.33066567663579954
2025-02-27,UBER,0.0252209999999999,put_minus_call,30,0.381781,0.407002,,0.233762,-0.236185,81.0,69.0,2025-03-28,2025-03-28,29,29,-0.0011678999999999895,0.021961274489680917,1.2016105901503762,-0.6008052950751881,-0.005857000000000001,0.0035189166132553774,0.3341845932490549
2025-02-28,UBER,0.0193639999999999,put_minus_call,30,0.370037,0.389401,,0.256147,-0.23775,82.0,71.0,2025-03-28,2025-03-28,28,28,0.0017861999999999906,0.022592540955909388,0.7780355487372568,-0.3890177743686284,0.0084510000000001,-0.003287589211189318,0.3308970040378656
2025-03-03,UBER,0.027815,put_minus_call,30,0.390856,0.418671,,0.261165,-0.241939,81.0,69.0,2025-04-04,2025-04-04,32,32,0.00487359999999999,0.023926991361222137,0.9588083873002331,-0.47940419365011655,-0.0026250000000000995,0.0012584360083316036,0.3321554400461972
2025-03-04,UBER,0.0251899999999999,put_minus_call,30,0.395445,0.420635,,0.2567,-0.248616,82.0,70.0,2025-04-04,2025-04-04,31,31,0.008133899999999982,0.0242853596704315,0.7023202551439447,-0.35116012757197235,0.0051790000000001,-0.00181865830069528,0.3303367817455019
2025-03-05,UBER,0.030369,put_minus_call,30,0.37631,0.406679,,0.25137,-0.23479,83.0,71.0,2025-04-04,2025-04-04,30,30,0.012058599999999971,0.024401663145504366,0.7503750826661764,-0.3751875413330882,0.007626000000000001,-0.002861180190206131,0.32747560155529576
2025-03-06,UBER,0.037995,put_minus_call,30,0.403051,0.441046,,0.240182,-0.262798,82.0,70.0,2025-04-04,2025-04-04,29,29,0.01693319999999997,0.024206914116976296,0.8700737276226961,-0.43503686381134804,-0.007357000000000002,0.0032005662070600884,0.33067616776235587
2025-03-07,UBER,0.030638,put_minus_call,30,0.388147,0.418785,,0.24175,-0.241716,83.0,71.0,2025-04-04,2025-04-04,28,28,0.019356499999999978,0.024248773023942186,0.46524003457251867,-0.23262001728625933,0.010257000000000002,-0.0023859835173051626,0.3282901842450507
2025-03-10,UBER,0.040895,put_minus_call,30,0.438585,0.47948,,0.25954,-0.249281,80.0,67.0,2025-04-11,2025-04-11,32,32,0.02751219999999998,0.012860616684712719,1.040603287391966,-0.520301643695983,0.011568999999999996,-0.006019369715918825,0.32227081452913187
2025-03-11,UBER,0.052464,put_minus_call,30,0.431022,0.483486,,0.239136,-0.249473,78.0,65.0,2025-04-11,2025-04-11,31,31,0.02869359999999998,0.014623393087029354,1.6255050971093616,-0.8127525485546808,-0.0693679999999999,0.05637901878814102,0.37864983331727287
2025-03-12,UBER,-0.0169039999999999,put_minus_call,30,0.438884,0.42198,,0.263454,-0.23777,78.0,66.0,2025-04-11,2025-04-11,30,30,0.027304699999999977,0.018193429852254042,-2.4299266470924787,1.0,0.0744779999999998,0.0744779999999998,0.4531278333172727
2025-03-13,UBER,0.0575739999999999,put_minus_call,30,0.429696,0.48727,,0.256748,-0.24566,76.0,64.0,2025-04-11,2025-04-11,29,29,0.030539999999999977,0.02051076970222661,1.318039273634142,-0.659019636817071,-0.005202000000000005,0.003428220150722407,0.4565560534679951
2025-03-14,UBER,0.0523719999999999,put_minus_call,30,0.392944,0.445316,,0.236636,-0.27037,78.0,67.0,2025-04-11,2025-04-11,28,28,0.03384079999999998,0.021158149219626908,0.8758422018694263,-0.43792110093471315,-0.006575999999999894,0.0028797691597466273,0.45943582262774174
2025-03-17,UBER,0.045796,put_minus_call,30,0.374928,0.420724,,0.216975,-0.243048,80.0,67.5,2025-04-17,2025-04-17,31,31,0.03563889999999998,0.02135231033791579,0.47569091303266736,-0.23784545651633368,-0.007564000000000105,0.001799063033089573,0.4612348856608313
2025-03-18,UBER,0.0382319999999999,put_minus_call,30,0.390225,0.428457,,0.265944,-0.28742,77.5,67.5,2025-04-17,2025-04-17,30,30,0.03694309999999998,0.021039184846112446,0.061261879175802676,-0.030630939587901338,0.007214999999999999,-0.00022100222912670812,0.46101388343170463
2025-03-19,UBER,0.0454469999999999,put_minus_call,30,0.365422,0.410869,,0.207778,-0.225386,80.0,67.5,2025-04-17,2025-04-17,29,29,0.03845089999999997,0.021055979902525414,0.3322619052823483,-0.16613095264117414,-0.0101899999999999,0.001692874407413548,0.4627067578391182
2025-03-20,UBER,0.035257,put_minus_call,30,0.361521,0.396778,,0.258705,-0.264383,80.0,70.0,2025-04-17,2025-04-17,28,28,0.03817709999999998,0.02108035445332399,-0.1385223387237464,0.0692611693618732,0.0077679999999999,0.0005380207636030241,0.46324477860272123
2025-03-21,UBER,0.0430249999999999,put_minus_call,30,0.345577,0.388602,,0.207955,-0.200943,82.5,70.0,2025-04-17,2025-04-17,27,27,0.03941579999999996,0.020951670375201827,0.17226311484318443,-0.08613155742159222,-0.0469039999999999,0.004039914569302352,0.4672846931720236
2025-03-24,UBER,-0.003879,put_minus_call,30,0.331216,0.327337,,0.268367,-0.238918,82.0,72.0,2025-04-25,2025-04-25,32,32,0.03493839999999996,0.024994517155212666,-1.5530366023455868,0.7765183011727934,0.0352199999999999,0.027348974567305704,0.4946336677393293
2025-03-25,UBER,0.0313409999999999,put_minus_call,30,0.33206,0.363401,,0.26629,-0.249058,81.0,71.0,2025-04-25,2025-04-25,31,31,0.03282609999999995,0.024229709744902433,-0.061292521273908135,0.030646260636954067,0.0038720000000000004,0.00011866232118628617,0.4947523300605156
2025-03-26,UBER,0.0352129999999999,put_minus_call,30,0.339447,0.37466,,0.245142,-0.266808,80.0,70.0,2025-04-25,2025-04-25,30,30,0.038037799999999934,0.016815025640446967,-0.1679926073502526,0.0839963036751263,0.0030280000000001,0.00025434080752829085,0.4950066708680439
2025-03-27,UBER,0.038241,put_minus_call,30,0.343539,0.38178,,0.23294,-0.240194,81.0,70.0,2025-04-25,2025-04-25,29,29,0.03610449999999994,0.01536846510264155,0.1390184371523758,-0.0695092185761879,0.0108979999999999,-0.0007575114640432888,0.4942491594040006
2025-03-28,UBER,0.0491389999999999,put_minus_call,30,0.363361,0.4125,,0.270987,-0.250611,78.0,68.0,2025-04-25,2025-04-25,28,28,0.03578119999999994,0.015018244022225473,0.8894382046417528,-0.4447191023208764,0.015192000000000004,-0.006756172602458756,0.48749298680154185
2025-03-31,UBER,0.0643309999999999,put_minus_call,30,0.400197,0.464528,,0.242921,-0.24118,80.0,67.0,2025-05-02,2025-05-02,32,32,0.037634699999999924,0.017353735173027025,1.538360458646052,-0.769180229323026,-0.023072000000000002,0.017746526250940857,0.5052395130524827
2025-04-01,UBER,0.0412589999999999,put_minus_call,30,0.406877,0.448136,,0.246425,-0.264422,80.0,68.0,2025-05-02,2025-05-02,31,31,0.037937399999999934,0.017391669878293898,0.1909879858141495,-0.09549399290707475,0.014986,-0.001431072977705422,0.5038084400747773
2025-04-02,UBER,0.0562449999999999,put_minus_call,30,0.390023,0.446268,,0.254766,-0.245794,81.0,69.0,2025-05-02,2025-05-02,30,30,0.03901719999999993,0.018224970890389793,0.9452854604604255,-0.47264273023021275,0.022578000000000105,-0.010671327563137793,0.49313711251163955
2025-04-03,UBER,0.078823,put_minus_call,30,0.45901,0.537833,,0.250723,-0.252655,77.0,64.0,2025-05-02,2025-05-02,29,29,0.04337379999999993,0.022035095868989458,1.6087608699669251,-0.8043804349834626,-0.10155499999999991,0.08168885507474546,0.574825967586385
2025-04-04,UBER,-0.0227319999999999,put_minus_call,30,0.681268,0.658536,,0.272312,-0.272323,74.0,59.0,2025-05-02,2025-05-02,28,28,0.03679809999999995,0.030381584109273944,-1.9594139589919657,0.9797069794959828,0.0672529999999998,0.06588823349204313,0.6407142010784281
2025-04-07,UBER,0.0445209999999999,put_minus_call,30,0.591165,0.635686,,0.253734,-0.250904,75.0,59.0,2025-05-09,2025-05-09,32,32,0.04163809999999994,0.026828936693428587,0.1074548735547201,-0.05372743677736005,0.083265,-0.004473615023266884,0.6362405860551612
2025-04-08,UBER,0.1277859999999999,put_minus_call,30,0.58718,0.714966,,0.248255,-0.257511,74.0,58.0,2025-05-09,2025-05-09,31,31,0.05128259999999994,0.0378056333256772,2.0235978945508006,-1.0,-0.028478000000000003,0.028478000000000003,0.6647185860551612
2025-04-09,UBER,0.0993079999999999,put_minus_call,30,0.478843,0.578151,,0.243594,-0.247296,81.0,66.0,2025-05-09,2025-05-09,30,30,0.057692099999999934,0.040139732738549976,1.0367757122615888,-0.5183878561307944,0.08113900000000002,-0.042061472258596536,0.6226571137965646
2025-04-10,UBER,0.1804469999999999,put_minus_call,30,0.519499,0.699946,,0.24963,-0.243431,79.0,63.0,2025-05-09,2025-05-09,29,29,0.07191269999999993,0.05494335349359576,1.975385430608105,-0.9876927153040524,-0.04590699999999992,0.04534200948146306,0.6679991232780277
2025-04-11,UBER,0.13454,put_minus_call,30,0.535314,0.669854,,0.251115,-0.248046,81.0,65.0,2025-05-09,2025-05-09,28,28,0.08045279999999994,0.05758390308603805,0.9392763793587688,-0.4696381896793844,-0.031788,0.01492885877352827,0.6829279820515559
2025-04-14,UBER,0.102752,put_minus_call,30,0.465667,0.568419,,0.21766,-0.28193,82.5,67.5,2025-05-16,2025-05-16,32,32,0.08429489999999996,0.05767040220357599,0.32004458603993496,-0.16002229301996748,-0.01445200000000009,0.0023126421787245843,0.6852406242302805
2025-04-15,UBER,0.0882999999999999,put_minus_call,30,0.461083,0.549383,,0.238309,-0.249482,82.5,67.5,2025-05-16,2025-05-16,31,31,0.08899899999999995,0.055653236086402824,-0.01255991653234386,0.00627995826617193,0.03476199999999999,0.00021830390924866856,0.6854589281395292
2025-04-16,UBER,0.1230619999999999,put_minus_call,30,0.479184,0.602246,,0.21394,-0.21778,82.5,65.0,2025-05-16,2025-05-16,30,30,0.09568069999999995,0.05529371723009968,0.49519730941682216,-0.24759865470841108,-0.025010999999999894,0.006192689952912043,0.6916516180924412
2025-04-17,UBER,0.098051,put_minus_call,30,0.473643,0.571694,,0.272992,-0.220886,82.5,67.5,2025-05-16,2025-05-16,29,29,0.09760349999999994,0.05497577361438401,0.008139949119023836,-0.004069974559511918,-0.003614000000000006,1.4708888058076097e-05,0.6916663269804993
2025-04-21,UBER,0.094437,put_minus_call,30,0.490066,0.584503,,0.238792,-0.247804,82.0,66.0,2025-05-23,2025-05-23,32,32,0.10932039999999994,0.03552394789496868,-0.4189680731433544,0.2094840365716772,-0.01826700000000009,-0.003826644896054846,0.6878396820844445
2025-04-22,UBER,0.0761699999999999,put_minus_call,30,0.498089,0.574259,,0.248434,-0.237226,83.0,67.0,2025-05-23,2025-05-23,31,31,0.11248529999999993,0.030106069388266484,-1.2062451438497488,0.6031225719248744,0.017606999999999998,0.010619179123881262,0.6984588612083257
2025-04-23,UBER,0.0937769999999999,put_minus_call,30,0.46195,0.555727,,0.240743,-0.240696,82.0,67.0,2025-05-23,2025-05-23,30,30,0.10908439999999994,0.030106489862191298,-0.5084418698449322,0.2542209349224661,-0.007884999999999906,-0.0020045320718636212,0.6964543291364621
2025-04-24,UBER,0.085892,put_minus_call,30,0.462112,0.548004,,0.258953,-0.237452,86.0,71.0,2025-05-23,2025-05-23,29,29,0.10774279999999996,0.03087954573212221,-0.7076140364743071,0.35380701823715355,-0.005912000000000098,-0.0020917070918180865,0.694362622044644
2025-04-25,UBER,0.0799799999999999,put_minus_call,30,0.45279,0.53277,,0.236894,-0.23949,86.0,71.0,2025-05-23,2025-05-23,28,28,0.09769609999999995,0.018431337019387053,-0.96119451244179,0.480597256220895,-0.016081999999999902,-0.007728965074544386,0.6866336569700997
2025-04-28,UBER,0.063898,put_minus_call,30,0.453897,0.517795,,0.274943,-0.258309,86.0,72.0,2025-05-30,2025-05-30,32,32,0.09063189999999996,0.016135664566075156,-1.656820510275563,0.8284102551377815,-0.006091999999999993,-0.00504667527429936,0.6815869816958003
2025-04-29,UBER,0.057806,put_minus_call,30,0.448099,0.505905,,0.303513,-0.252065,86.0,73.0,2025-05-30,2025-05-30,31,31,0.08613729999999996,0.018474804567001315,-1.5335101325295626,0.7667550662647813,0.015274999999999893,0.011712183637194453,0.6932991653329948
2025-04-30,UBER,0.0730809999999999,put_minus_call,30,0.435651,0.508732,,0.223785,-0.238872,90.0,74.0,2025-05-30,2025-05-30,30,30,0.08461539999999995,0.01889883458017697,-0.610323348303102,0.305161674151551,-0.007443999999999895,-0.0022716235023841134,0.6910275418306108
2025-05-01,UBER,0.065637,put_minus_call,30,0.44734,0.512977,,0.225351,-0.238948,90.0,74.0,2025-05-30,2025-05-30,29,29,0.07887289999999995,0.014010984139040642,-0.9446802500560277,0.47234012502801387,-0.066751,-0.03152917568574495,0.6594983661448658
2025-05-02,UBER,-0.001114,put_minus_call,30,0.433121,0.432007,,0.260516,-0.232086,92.0,78.0,2025-05-30,2025-05-30,28,28,0.06895639999999996,0.02751465068003676,-2.5466578084103935,1.0,0.0818,0.0818,0.7412983661448658
2025-05-05,UBER,0.080686,put_minus_call,30,0.436279,0.516965,,0.223827,-0.250281,95.0,78.0,2025-06-06,2025-06-06,32,32,0.06758129999999997,0.02642161900603373,0.4959839893614162,-0.2479919946807081,-0.11197199999999989,0.02776815962838822,0.769066525773254
2025-05-06,UBER,-0.0312859999999999,put_minus_call,30,0.446986,0.4157,,0.245781,-0.252758,95.0,80.0,2025-06-06,2025-06-06,31,31,0.056835699999999975,0.040591755602585114,-2.1709260585513523,1.0,0.0443409999999998,0.0443409999999998,0.8134075257732538
2025-05-07,UBER,0.0130549999999999,put_minus_call,30,0.357257,0.370312,,0.265602,-0.228875,90.0,78.0,2025-06-06,2025-06-06,30,30,0.048763499999999974,0.040455327247746045,-0.8826649647727064,0.4413324823863532,-0.0007039999999998992,-0.00031069806759994814,0.8130968277056538
2025-05-08,UBER,0.012351,put_minus_call,30,0.361329,0.37368,,0.247799,-0.237443,89.0,77.0,2025-06-06,2025-06-06,29,29,0.04140939999999998,0.03963194320578626,-0.7332065412265087,0.3666032706132544,-0.014998000000000001,-0.00549831585265759,0.8075985118529962
2025-05-09,UBER,-0.002647,put_minus_call,30,0.375845,0.373198,,0.272116,-0.254693,89.0,78.0,2025-06-06,2025-06-06,28,28,0.03314669999999999,0.03930899159804989,-0.9105728370242828,0.4552864185121414,0.0250739999999999,0.011415851657773387,0.8190143635107696
2025-05-12,UBER,0.0224269999999999,put_minus_call,30,0.357246,0.379673,,0.23543,-0.234205,96.0,82.0,2025-06-13,2025-06-13,32,32,0.02899959999999998,0.037865341110014834,-0.17357825936134835,0.08678912968067418,-0.016883,-0.001465260876398822,0.8175491026343708
2025-05-13,UBER,0.0055439999999999,put_minus_call,30,0.36699,0.372534,,0.236351,-0.248872,100.0,86.0,2025-06-13,2025-06-13,31,31,0.023773399999999972,0.03704543957898194,-0.49208216199282695,0.24604108099641347,-0.0165869999999999,-0.004081083410487486,0.8134680192238832
2025-05-14,UBER,-0.011043,put_minus_call,30,0.35919,0.348147,,0.310497,-0.241808,96.0,85.0,2025-06-13,2025-06-13,30,30,0.015360999999999982,0.03403354374077959,-0.775822823538715,0.3879114117693575,0.018806,0.0072950620097345376,0.8207630812336177
2025-05-15,UBER,0.007763,put_minus_call,30,0.351622,0.359385,,0.256911,-0.253969,97.0,85.0,2025-06-13,2025-06-13,29,29,0.009573599999999982,0.02909687332648956,-0.062226617261712,0.031113308630856,-0.011744000000000001,-0.0003653946965607729,0.8203976865370569
2025-05-16,UBER,-0.003981,put_minus_call,30,0.357642,0.353661,,0.248346,-0.265817,99.0,87.0,2025-06-13,2025-06-13,28,28,0.009286899999999983,0.029227712790926536,-0.45394930814151413,0.22697465407075706,0.013138,0.0029819930051816065,0.8233796795422386
2025-05-19,UBER,0.009157,put_minus_call,30,0.353172,0.362329,,0.254973,-0.256952,100.0,87.0,2025-06-20,2025-06-20,32,32,0.0021339999999999827,0.015198239532554106,0.4620929933994653,-0.23104649669973265,0.0097089999999999,-0.0022432304364576813,0.8211364491057809
2025-05-20,UBER,0.0188659999999999,put_minus_call,30,0.348494,0.36736,,0.258856,-0.241542,99.0,86.0,2025-06-20,2025-06-20,31,31,0.007149199999999962,0.010490310225261437,1.1169164446428879,-0.5584582223214439,0.0094980000000001,-0.00530423619560913,0.8158322129101717
2025-05-21,UBER,0.028364,put_minus_call,30,0.346843,0.375207,,0.234944,-0.245003,96.0,83.0,2025-06-20,2025-06-20,30,30,0.008680099999999972,0.012392525502181746,1.5883687305331438,-0.7941843652665719,-0.0067710000000001,0.005377422337220037,0.8212096352473918
2025-05-22,UBER,0.0215929999999999,put_minus_call,30,0.350993,0.372586,,0.244319,-0.244097,95.0,82.5,2025-06-20,2025-06-20,29,29,0.009604299999999963,0.013025181671157958,0.9204247819857183,-0.46021239099285915,-0.004740000000000001,0.002181406733306153,0.8233910419806979
2025-05-23,UBER,0.0168529999999999,put_minus_call,30,0.348602,0.365455,,0.264964,-0.245201,94.0,82.5,2025-06-20,2025-06-20,28,28,0.011554299999999951,0.012433478632305707,0.4261639205485439,-0.21308196027427195,-0.0042169999999999,0.0008985666264765834,0.8242896086071745
2025-05-27,UBER,0.012636,put_minus_call,30,0.354436,0.367072,,0.2598,-0.266163,96.0,84.0,2025-06-27,2025-06-27,31,31,0.010575199999999963,0.011854162979964392,0.17384609976116816,-0.08692304988058408,0.020794999999999897,-0.001807564822266737,0.8224820437849077
2025-05-28,UBER,0.0334309999999999,put_minus_call,30,0.335588,0.369019,,0.238239,-0.260744,95.0,83.0,2025-06-27,2025-06-27,30,30,0.013363899999999962,0.013678843205232513,1.467017327336843,-0.7335086636684215,-0.004207999999999899,0.003086604456716644,0.8255686482416243
2025-05-29,UBER,0.029223,put_minus_call,30,0.372063,0.401286,,0.260326,-0.255323,91.0,79.0,2025-06-27,2025-06-27,29,29,0.017390499999999965,0.011439094624721667,1.0343913035239831,-0.5171956517619916,-0.0005459999999999979,0.0002823888258620463,0.8258510370674864
2025-05-30,UBER,0.028677,put_minus_call,30,0.359044,0.387721,,0.23886,-0.253175,91.0,79.0,2025-06-27,2025-06-27,28,28,0.019481899999999962,0.01139509036042388,0.8069352422105757,-0.40346762110528783,-0.0101670000000001,0.004102055303777502,0.8299530923712639
2025-06-02,UBER,0.0185099999999999,put_minus_call,30,0.353507,0.372017,,0.266796,-0.270745,90.0,79.0,2025-07-03,2025-07-03,31,31,0.021730999999999952,0.007947642305880754,-0.40527742392441507,0.20263871196220754,-0.0360279999999999,-0.007300667514574393,0.8226524248566895
2025-06-03,UBER,-0.017518,put_minus_call,30,0.361924,0.344406,,0.261216,-0.256832,89.0,78.0,2025-07-03,2025-07-03,30,30,0.019063499999999952,0.014451866955518342,-2.531264653390098,1.0,-0.007311999999999902,-0.007311999999999902,0.8153404248566897
2025-06-04,UBER,-0.0248299999999999,put_minus_call,30,0.393155,0.368325,,0.243985,-0.231979,91.0,78.0,2025-07-03,2025-07-03,29,29,0.014693899999999972,0.020042661225218836,-1.9719886274517586,0.9859943137258793,0.035955999999999905,0.03545241154432762,0.8507928364010173
2025-06-05,UBER,0.011126,put_minus_call,30,0.402713,0.413839,,0.253111,-0.247339,92.0,79.0,2025-07-03,2025-07-03,28,28,0.012970099999999974,0.019469400016150742,-0.09471786487874355,0.047358932439371774,-0.0019129999999999998,-9.05976377565182e-05,0.8507022387632608
2025-06-06,UBER,0.009213,put_minus_call,30,0.365538,0.374751,,0.26048,-0.267395,92.0,81.0,2025-07-03,2025-07-03,27,27,0.011732099999999983,0.019252569204885113,-0.13084487442646306,0.06542243721323153,-0.005919000000000001,-0.0003872354058651175,0.8503150033573956
2025-06-09,UBER,0.003294,put_minus_call,30,0.360188,0.363482,,0.235303,-0.25859,95.0,82.0,2025-07-11,2025-07-11,32,32,0.010376199999999993,0.01932915488064602,-0.3663998785115685,0.18319993925578426,0.033383,0.006115763572175846,0.8564307669295714
2025-06-10,UBER,0.036677,put_minus_call,30,0.362761,0.399438,,0.26702,-0.264068,93.0,81.0,2025-07-11,2025-07-11,31,31,0.012780299999999994,0.021059108538956664,1.134744139610381,-0.5673720698051905,-0.0274020000000001,0.015547129456801886,0.8719778963863734
2025-06-11,UBER,0.0092749999999999,put_minus_call,30,0.320979,0.330254,,0.237071,-0.262074,93.0,82.0,2025-07-11,2025-07-11,30,30,0.010364699999999994,0.019773323657280226,-0.05510960215324671,0.027554801076623354,-5.899999999989941e-05,-1.6257332635180062e-06,0.8719762706531098
2025-06-12,UBER,0.009216,put_minus_call,30,0.339241,0.348457,,0.247535,-0.263191,92.0,81.0,2025-07-11,2025-07-11,29,29,0.008363999999999993,0.018632453718057582,0.04572666664800537,-0.022863333324002685,-0.030274000000000002,0.0006921645530508574,0.8726684352061607
2025-06-13,UBER,-0.021058,put_minus_call,30,0.349005,0.327947,,0.255953,-0.232476,90.0,79.0,2025-07-11,2025-07-11,28,28,0.0033904999999999933,0.019235944584437687,-1.2709799559195747,0.6354899779597873,0.051597000000000004,0.03278937639279115,0.9054578115989518
2025-06-16,UBER,0.030539,put_minus_call,30,0.334053,0.364592,,0.225331,-0.25537,92.5,80.0,2025-07-18,2025-07-18,32,32,0.004593400000000003,0.02061328095185243,1.2586836642164125,-0.6293418321082063,0.0018010000000000005,-0.0011334446396268798,0.9043243669593249
2025-06-17,UBER,0.03234,put_minus_call,30,0.337688,0.370028,,0.211559,-0.267927,92.5,80.0,2025-07-18,2025-07-18,31,31,0.009579200000000005,0.020700359496609987,1.0995364599212607,-0.5497682299606304,-0.005409000000000101,0.002973696355857105,0.907298063315182
2025-06-18,UBER,0.0269309999999999,put_minus_call,30,0.349366,0.376297,,0.246499,-0.224676,90.0,77.5,2025-07-18,2025-07-18,30,30,0.014755299999999982,0.017338831679531184,0.7022214774928325,-0.35111073874641624,0.013131000000000004,-0.004610435110479193,0.9026876282047028
2025-06-20,UBER,0.0400619999999999,put_minus_call,30,0.354966,0.395028,,0.258908,-0.214014,90.0,77.5,2025-07-18,2025-07-18,28,28,0.017648899999999974,0.01900071283136511,1.179592586810842,-0.589796293405421,0.019367999999999996,-0.011423174610676191,0.8912644535940266
2025-06-23,UBER,0.0594299999999999,put_minus_call,30,0.297313,0.356743,,0.247869,-0.25187,91.0,80.0,2025-07-25,2025-07-25,32,32,0.022670599999999964,0.022782949258893934,1.613460995865139,-0.8067304979325695,-0.039778999999999995,0.03209093247725968,0.9233553860712863
2025-06-24,UBER,0.0196509999999999,put_minus_call,30,0.345862,0.365513,,0.280414,-0.249014,98.0,86.0,2025-07-25,2025-07-25,31,31,0.024306299999999954,0.02180335143478845,-0.21351304701589432,0.10675652350794716,0.003334,0.00035592624937549585,0.9237113123206618
2025-06-25,UBER,0.0229849999999999,put_minus_call,30,0.322469,0.345454,,0.233435,-0.260954,98.0,86.0,2025-07-25,2025-07-25,30,30,0.022937099999999943,0.02136570391200716,0.002241910690011922,-0.001120955345005961,-0.005793000000000003,6.493694313619535e-06,0.9237178060149754
2025-06-26,UBER,0.0171919999999999,put_minus_call,30,0.325884,0.343076,,0.244663,-0.25321,100.0,88.0,2025-07-25,2025-07-25,29,29,0.023728799999999946,0.020945763405095186,-0.31208220362166084,0.15604110181083042,-0.008422999999999898,-0.0013143342005526087,0.9224034718144228
2025-06-27,UBER,0.008769,put_minus_call,30,0.336958,0.345727,,0.258378,-0.232821,98.0,86.0,2025-07-25,2025-07-25,28,28,0.023684099999999944,0.020980624164267006,-0.7108987741843489,0.35544938709217444,-0.0383389999999999,-0.013627574051726841,0.908775897762696
2025-06-30,UBER,-0.0295699999999999,put_minus_call,30,0.399686,0.370116,,0.248226,-0.239294,102.0,87.0,2025-08-01,2025-08-01,32,32,0.022832899999999955,0.0230665162637197,-2.2718168361826723,1.0,-0.002515,-0.002515,0.9062608977626959
2025-07-01,UBER,-0.0320849999999999,put_minus_call,30,0.411919,0.379834,,0.24498,-0.243835,101.0,86.0,2025-08-01,2025-08-01,31,31,0.016570499999999964,0.02858319781989255,-1.7022413064691433,0.8511206532345716,0.0273089999999999,0.023243253919182832,0.9295041516818787
2025-07-02,UBER,-0.004776,put_minus_call,30,0.391477,0.386701,,0.252823,-0.246642,100.0,86.0,2025-08-01,2025-08-01,30,30,0.012858899999999965,0.028717453007032323,-0.614083010623593,0.3070415053117965,0.0043130000000001,0.001324270012409809,0.9308284216942885
2025-07-03,UBER,-0.0004629999999999,put_minus_call,30,0.36217,0.361707,,0.249142,-0.250215,101.0,88.0,2025-08-01,2025-08-01,29,29,0.010119499999999984,0.028531921426321365,-0.3709003625054596,0.1854501812527298,-0.0254420000000001,-0.00471822351143197,0.9261101981828566
2025-07-07,UBER,-0.025905,put_minus_call,30,0.452925,0.42702,,0.298094,-0.230637,105.0,89.0,2025-08-08,2025-08-08,32,32,0.0035227999999999935,0.028465733098665198,-1.0337973695601013,0.5168986847800506,0.047002999999999906,0.024295788880716672,0.9504059870635733
2025-07-08,UBER,0.0210979999999999,put_minus_call,30,0.441385,0.462483,,0.199032,-0.246938,110.0,90.0,2025-08-08,2025-08-08,31,31,-0.0003104000000000065,0.021931763034973312,0.9761367549823137,-0.48806837749115684,-0.007417000000000002,0.003620003155851911,0.9540259902194251
2025-07-09,UBER,0.0136809999999999,put_minus_call,30,0.438381,0.452062,,0.28517,-0.261558,105.0,90.0,2025-08-08,2025-08-08,30,30,-0.0009074000000000067,0.021402901574838443,0.6816085169101669,-0.34080425845508344,-0.0549459999999998,0.018725830785072946,0.9727518210044981
2025-07-10,UBER,-0.0412649999999999,put_minus_call,30,0.455544,0.414279,,0.253405,-0.254639,106.0,90.0,2025-08-08,2025-08-08,29,29,-0.007332399999999986,0.023016517287470832,-1.4742716969813372,0.7371358484906686,0.0595139999999999,0.04386990288707358,1.0166217238915716
2025-07-11,UBER,0.018249,put_minus_call,30,0.433353,0.451602,,0.261207,-0.262788,104.0,89.0,2025-08-08,2025-08-08,28,28,-0.007226699999999977,0.02314373137614397,1.1007602700686263,-0.5503801350343132,-0.0034500000000000017,0.0018988114658683812,1.01852053535744
2025-07-14,UBER,0.014799,put_minus_call,30,0.421296,0.436095,,0.210969,-0.262367,105.0,87.5,2025-08-15,2025-08-15,32,32,-0.006623699999999977,0.023679160247169047,0.9047069142817747,-0.45235345714088737,0.0104869999999999,-0.00474383070503644,1.0137767046524035
2025-07-15,UBER,0.0252859999999999,put_minus_call,30,0.419538,0.444824,,0.283692,-0.236488,100.0,85.0,2025-08-15,2025-08-15,31,31,-0.0011380999999999967,0.024122607807476642,1.0954081006038625,-0.5477040503019313,-0.0024739999999999,0.0013550198204469231,1.0151317244728504
2025-07-16,UBER,0.022812,put_minus_call,30,0.420988,0.4438,,0.236836,-0.274081,100.0,85.0,2025-08-15,2025-08-15,30,30,0.004351599999999993,0.022488590876264362,0.8208784668444513,-0.41043923342222566,-0.0209630000000001,0.008604037650230158,1.0237357621230805
2025-07-17,UBER,0.0018489999999999,put_minus_call,30,0.442342,0.444191,,0.239265,-0.278233,100.0,85.0,2025-08-15,2025-08-15,29,29,0.005014099999999983,0.02228649650672903,-0.1420187331393445,0.07100936656967224,0.011900000000000101,0.000845011462179107,1.0245807735852597
2025-07-18,UBER,0.013749,put_minus_call,30,0.434824,0.448573,,0.2311,-0.275606,100.0,85.0,2025-08-15,2025-08-15,28,28,0.006435299999999973,0.022351468005728667,0.32721340710710956,-0.16360670355355478,0.0014839999999999992,-0.00024279234807347516,1.0243379812371862
2025-07-21,UBER,0.015233,put_minus_call,30,0.418573,0.433806,,0.257185,-0.262499,100.0,85.0,2025-08-22,2025-08-22,32,32,0.010549099999999973,0.019317706658515284,0.2424666697138894,-0.1212333348569447,0.0014159999999999,-0.00017166640215742157,1.0241663148350288
2025-07-22,UBER,0.0166489999999999,put_minus_call,30,0.417223,0.433872,,0.244126,-0.242683,101.0,85.0,2025-08-22,2025-08-22,31,31,0.010104199999999973,0.019097743449016324,0.3427001738436817,-0.17135008692184084,0.010745000000000102,-0.0018411566839751973,1.0223251581510537
2025-07-23,UBER,0.027394,put_minus_call,30,0.427863,0.455257,,0.245158,-0.240197,99.0,83.0,2025-08-22,2025-08-22,30,30,0.011475499999999982,0.019860215094784667,0.8015270692702744,-0.4007635346351372,-0.022334000000000104,0.008950652782541195,1.0312758109335949
2025-07-24,UBER,0.0050599999999999,put_minus_call,30,0.442823,0.447883,,0.249905,-0.23852,100.0,84.0,2025-08-22,2025-08-22,29,29,0.016107999999999963,0.008129856018952141,-1.3589416558233267,0.6794708279116634,0.003414000000000101,0.0023197134064904873,1.0335955243400854
2025-07-25,UBER,0.008474,put_minus_call,30,0.431034,0.439508,,0.250311,-0.250633,100.0,85.0,2025-08-22,2025-08-22,28,28,0.015130499999999963,0.008426084120818786,-0.7899873659643849,0.39499368298219245,0.003434999999999999,0.0013568033010438307,1.0349523276411292
2025-07-28,UBER,0.011909,put_minus_call,30,0.416594,0.428503,,0.240313,-0.245987,100.0,84.0,2025-08-29,2025-08-29,32,32,0.014841499999999962,0.008488050440341476,-0.34548569434302134,0.17274284717151067,-0.016196,-0.0027977431527897866,1.0321545844883395
2025-07-29,UBER,-0.004287,put_minus_call,30,0.434945,0.430658,,0.243978,-0.256643,96.0,81.0,2025-08-29,2025-08-29,31,31,0.011884199999999973,0.009532276757301011,-1.6964677392118355,0.8482338696059177,-0.004740999999999901,-0.004021476775801572,1.028133107712538
2025-07-30,UBER,-0.0090279999999999,put_minus_call,30,0.444803,0.435775,,0.258275,-0.242278,96.0,81.0,2025-08-29,2025-08-29,30,30,0.008700199999999983,0.010720196088588136,-1.653719750413139,0.8268598752065695,0.0159389999999999,0.013179319550917428,1.0413124272634553
2025-07-31,UBER,0.006911,put_minus_call,30,0.462415,0.469326,,0.247557,-0.244964,97.0,81.0,2025-08-29,2025-08-29,29,29,0.009206399999999993,0.010477506851452052,-0.21907883550387558,0.10953941775193779,-0.0033180000000000995,-0.0003634517881009405,1.0409489754753543
2025-08-01,UBER,0.0035929999999999,put_minus_call,30,0.462612,0.466205,,0.246995,-0.263122,96.0,81.0,2025-08-29,2025-08-29,28,28,0.008190799999999982,0.010480478994566902,-0.4387013229436927,0.21935066147184634,0.0031560000000000997,0.0006922706876051689,1.0416412461629594
2025-08-04,UBER,0.006749,put_minus_call,30,0.433794,0.440543,,0.24084,-0.251148,98.0,82.0,2025-09-05,2025-09-05,32,32,0.0073423999999999824,0.010186332566510777,-0.05825452842084516,0.02912726421042258,-0.0056619999999999995,-0.00016491856995941263,1.041476327593
2025-08-05,UBER,0.001087,put_minus_call,30,0.437447,0.438534,,0.240142,-0.251163,99.0,83.0,2025-09-05,2025-09-05,31,31,0.005786199999999993,0.009787474884883476,-0.48012383738095676,0.24006191869047838,-0.0047159999999999,-0.001132132008544272,1.0403441955844557
2025-08-06,UBER,-0.0036289999999999,put_minus_call,30,0.339468,0.335839,,0.253246,-0.239304,96.0,84.0,2025-09-05,2025-09-05,30,30,0.0026839000000000025,0.0065630133568525175,-0.9618904696283349,0.48094523481416745,0.0194449999999998,0.009351980090961389,1.049696175675417
2025-08-07,UBER,0.0158159999999999,put_minus_call,30,0.321182,0.336998,,0.259308,-0.266449,99.0,88.0,2025-09-05,2025-09-05,29,29,0.0037595000000000024,0.007766704896186449,1.5523314148217209,-0.7761657074108604,-0.017510999999999898,0.013591437702471497,1.0632876133778886
2025-08-08,UBER,-0.001695,put_minus_call,30,0.329143,0.327448,,0.249381,-0.256106,96.0,85.0,2025-09-05,2025-09-05,28,28,0.0027426000000000026,0.007746537207753746,-0.5728495043641271,0.28642475218206354,-0.013145999999999899,-0.0037653397921853784,1.0595222735857033
2025-08-11,UBER,-0.0148409999999999,put_minus_call,30,0.334675,0.319834,,0.237092,-0.266736,98.0,86.0,2025-09-12,2025-09-12,32,32,6.760000000001262e-05,0.008779290014321046,-1.698155542837809,0.8490777714189045,0.011828999999999899,0.010043740958114136,1.0695660145438175
2025-08-12,UBER,-0.003012,put_minus_call,30,0.308552,0.30554,,0.246314,-0.258805,98.0,87.0,2025-09-12,2025-09-12,31,31,0.00019510000000001263,0.008718067006064126,-0.36786824393173545,0.18393412196586773,-0.021554,-0.003964516064852313,1.0656014984789652
2025-08-13,UBER,-0.024566,put_minus_call,30,0.343119,0.318553,,0.237787,-0.255723,98.0,86.0,2025-09-12,2025-09-12,30,30,-0.0013586999999999974,0.011488863139289946,-2.0199822835938406,1.0,0.023134000000000002,0.023134000000000002,1.0887354984789652
2025-08-14,UBER,-0.001432,put_minus_call,30,0.334614,0.333182,,0.244825,-0.241783,98.0,86.0,2025-09-12,2025-09-12,29,29,-0.0021929999999999975,0.01111856633443967,0.06844407607146312,-0.03422203803573156,0.0049479999999998995,-0.0001693306442007963,1.0885661678347645
2025-08-15,UBER,0.0035159999999999,put_minus_call,30,0.318979,0.322495,,0.251194,-0.257876,99.0,88.0,2025-09-12,2025-09-12,28,28,-0.0022006999999999973,0.01111413988324991,0.5143627901080785,-0.25718139505403925,0.005426000000000101,-0.0013954662495632428,1.0871707015852012
2025-08-18,UBER,0.008942,put_minus_call,30,0.322358,0.3313,,0.253593,-0.261076,101.0,89.0,2025-09-19,2025-09-19,32,32,-0.0019813999999999973,0.01132989485290043,0.9641219218555793,-0.48206096092778966,-0.005889,0.0028388569989037534,1.090009558584105
2025-08-19,UBER,0.003053,put_minus_call,30,0.334414,0.337467,,0.240474,-0.252039,103.0,90.0,2025-09-19,2025-09-19,31,31,-0.0017847999999999972,0.011405857391903789,0.42415048985567794,-0.21207524492783897,0.0166599999999999,-0.0035331735804977763,1.0864763850036072
2025-08-20,UBER,0.0197129999999999,put_minus_call,30,0.321904,0.341617,,0.235479,-0.233516,101.0,88.0,2025-09-19,2025-09-19,30,30,0.0005493999999999829,0.013229225560603875,1.448580637786416,-0.724290318893208,-0.0015919999999999997,0.001153070187677987,1.0876294551912853
2025-08-21,UBER,0.0181209999999999,put_minus_call,30,0.329296,0.347417,,0.254481,-0.253083,101.0,89.0,2025-09-19,2025-09-19,29,29,0.000779899999999983,0.013541181750907587,1.2806193963711952,-0.6403096981855976,0.0057580000000001,-0.003686903242152735,1.0839425519491326
2025-08-22,UBER,0.023879,put_minus_call,30,0.317121,0.341,,0.262589,-0.234315,103.0,91.0,2025-09-19,2025-09-19,28,28,0.003337299999999983,0.015319967986984305,1.3408448384129812,-0.6704224192064906,-0.043174000000000004,0.02894481752682103,1.1128873694759536
2025-08-25,UBER,-0.019295,put_minus_call,30,0.356072,0.336777,,0.234265,-0.242165,103.0,89.0,2025-09-26,2025-09-26,32,32,0.0028918999999999724,0.01595862488123592,-1.3902764282709115,0.6951382141354557,0.0230129999999999,0.015997215721899175,1.1288845851978528
2025-08-26,UBER,0.0037179999999999,put_minus_call,30,0.332074,0.335792,,0.248127,-0.246155,104.0,91.0,2025-09-26,2025-09-26,31,31,0.0035648999999999633,0.015823317846000492,0.009675594049868277,-0.0048377970249341385,-0.0020109999999999,9.72880981714207e-06,1.12889431400767
2025-08-27,UBER,0.001707,put_minus_call,30,0.329605,0.331312,,0.265168,-0.245739,102.0,90.0,2025-09-26,2025-09-26,30,30,0.006192199999999963,0.012456473968717461,-0.36006979272496054,0.18003489636248027,0.0085179999999999,0.0015335372472155891,1.1304278512548855
2025-08-28,UBER,0.0102249999999999,put_minus_call,30,0.31239,0.322615,,0.266893,-0.256855,102.0,91.0,2025-09-26,2025-09-26,29,29,0.007357899999999954,0.012206647455382764,0.23488021674089082,-0.11744010837044541,0.006246000000000099,-0.0007335309168818137,1.1296943203380037
2025-08-29,UBER,0.016471,put_minus_call,30,0.31658,0.333051,,0.257494,-0.260143,100.0,89.0,2025-09-26,2025-09-26,28,28,0.008653399999999964,0.01243885209244729,0.6284824308463947,-0.31424121542319733,,,1.1296943203380037
